geo_accession,title,status,submission_date,last_update_date,type,channel_count,source_name_ch1,organism_ch1,characteristics_1,treatment_protocol_ch1,growth_protocol_ch1,molecule_ch1,extract_protocol_ch1,label_ch1,label_protocol_ch1,taxid_ch1,hyb_protocol,scan_protocol,description,data_processing,platform_id,contact_name,contact_email,contact_institute,contact_address,contact_city,contact_zip/postal_code,contact_country,supplementary_file,data_row_count
GSM307217,"oxidative stress, t=0",Public on Oct 01 2008,Jul 23 2008,Jul 24 2008,RNA,1,time 0 following H2O2 treatment,Saccharomyces cerevisiae,strain Y262,"At time 0, cells were treated with 0.3mM of H2O2 or 0.1% of MMS.",Cells were grown in YPD to mid-log phase in 25 degrees.,total RNA,Total RNA was extracted using MasterPure™ (EPICENTER Biotechnologies).,biotin,"cDNA was prepared using poly(T) primers, labeled cRNA was prepared using the GeneChip system according to manufacturer instructions.",4932,GeneChip system according to manufacturer instructions.,GeneChip system according to manufacturer instructions.,Gene expression following treatment with 0.3mM of H2O2,RMA algorithms using bioconductor software implemented in R.,GPL2529,"Ophir,,Shalem",ophir.shalem@weizmann.ac.il,Weizmann Inst.,Hertzel,Rehovot,76100,Israel,ftp://ftp.ncbi.nlm.nih.gov/geo/samples/GSM307nnn/GSM307217/suppl/GSM307217.CEL.gz,5900
GSM307218,"oxidative stress, t=30min",Public on Oct 01 2008,Jul 23 2008,Jul 24 2008,RNA,1,30 min following H2O2 treatment,Saccharomyces cerevisiae,strain Y262,"At time 0, cells were treated with 0.3mM of H2O2 or 0.1% of MMS.",Cells were grown in YPD to mid-log phase in 25 degrees.,total RNA,Total RNA was extracted using MasterPure™ (EPICENTER Biotechnologies).,biotin,"cDNA was prepared using poly(T) primers, labeled cRNA was prepared using the GeneChip system according to manufacturer instructions.",4932,GeneChip system according to manufacturer instructions.,GeneChip system according to manufacturer instructions.,Gene expression following treatment with 0.3mM of H2O2,RMA algorithms using bioconductor software implemented in R.,GPL2529,"Ophir,,Shalem",ophir.shalem@weizmann.ac.il,Weizmann Inst.,Hertzel,Rehovot,76100,Israel,ftp://ftp.ncbi.nlm.nih.gov/geo/samples/GSM307nnn/GSM307218/suppl/GSM307218.CEL.gz,5900
GSM307219,"oxidative stress, t=60min",Public on Oct 01 2008,Jul 23 2008,Jul 24 2008,RNA,1,60 min following H2O2 treatment,Saccharomyces cerevisiae,strain Y262,"At time 0, cells were treated with 0.3mM of H2O2 or 0.1% of MMS.",Cells were grown in YPD to mid-log phase in 25 degrees.,total RNA,Total RNA was extracted using MasterPure™ (EPICENTER Biotechnologies).,biotin,"cDNA was prepared using poly(T) primers, labeled cRNA was prepared using the GeneChip system according to manufacturer instructions.",4932,GeneChip system according to manufacturer instructions.,GeneChip system according to manufacturer instructions.,Gene expression following treatment with 0.3mM of H2O2,RMA algorithms using bioconductor software implemented in R.,GPL2529,"Ophir,,Shalem",ophir.shalem@weizmann.ac.il,Weizmann Inst.,Hertzel,Rehovot,76100,Israel,ftp://ftp.ncbi.nlm.nih.gov/geo/samples/GSM307nnn/GSM307219/suppl/GSM307219.CEL.gz,5900
GSM307220,"oxidative stress, t=100min",Public on Oct 01 2008,Jul 23 2008,Jul 24 2008,RNA,1,100 min following H2O2 treatment,Saccharomyces cerevisiae,strain Y262,"At time 0, cells were treated with 0.3mM of H2O2 or 0.1% of MMS.",Cells were grown in YPD to mid-log phase in 25 degrees.,total RNA,Total RNA was extracted using MasterPure™ (EPICENTER Biotechnologies).,biotin,"cDNA was prepared using poly(T) primers, labeled cRNA was prepared using the GeneChip system according to manufacturer instructions.",4932,GeneChip system according to manufacturer instructions.,GeneChip system according to manufacturer instructions.,Gene expression following treatment with 0.3mM of H2O2,RMA algorithms using bioconductor software implemented in R.,GPL2529,"Ophir,,Shalem",ophir.shalem@weizmann.ac.il,Weizmann Inst.,Hertzel,Rehovot,76100,Israel,ftp://ftp.ncbi.nlm.nih.gov/geo/samples/GSM307nnn/GSM307220/suppl/GSM307220.CEL.gz,5900
GSM307221,"oxidative stress, t=140min",Public on Oct 01 2008,Jul 23 2008,Jul 24 2008,RNA,1,140 min following H2O2 treatment,Saccharomyces cerevisiae,strain Y262,"At time 0, cells were treated with 0.3mM of H2O2 or 0.1% of MMS.",Cells were grown in YPD to mid-log phase in 25 degrees.,total RNA,Total RNA was extracted using MasterPure™ (EPICENTER Biotechnologies).,biotin,"cDNA was prepared using poly(T) primers, labeled cRNA was prepared using the GeneChip system according to manufacturer instructions.",4932,GeneChip system according to manufacturer instructions.,GeneChip system according to manufacturer instructions.,Gene expression following treatment with 0.3mM of H2O2,RMA algorithms using bioconductor software implemented in R.,GPL2529,"Ophir,,Shalem",ophir.shalem@weizmann.ac.il,Weizmann Inst.,Hertzel,Rehovot,76100,Israel,ftp://ftp.ncbi.nlm.nih.gov/geo/samples/GSM307nnn/GSM307221/suppl/GSM307221.CEL.gz,5900
GSM307222,"oxidative stress, t=180min",Public on Oct 01 2008,Jul 23 2008,Jul 24 2008,RNA,1,180 min following H2O2 treatment,Saccharomyces cerevisiae,strain Y262,"At time 0, cells were treated with 0.3mM of H2O2 or 0.1% of MMS.",Cells were grown in YPD to mid-log phase in 25 degrees.,total RNA,Total RNA was extracted using MasterPure™ (EPICENTER Biotechnologies).,biotin,"cDNA was prepared using poly(T) primers, labeled cRNA was prepared using the GeneChip system according to manufacturer instructions.",4932,GeneChip system according to manufacturer instructions.,GeneChip system according to manufacturer instructions.,Gene expression following treatment with 0.3mM of H2O2,RMA algorithms using bioconductor software implemented in R.,GPL2529,"Ophir,,Shalem",ophir.shalem@weizmann.ac.il,Weizmann Inst.,Hertzel,Rehovot,76100,Israel,ftp://ftp.ncbi.nlm.nih.gov/geo/samples/GSM307nnn/GSM307222/suppl/GSM307222.CEL.gz,5900
GSM307223,"DNA damage stress, t=0",Public on Oct 01 2008,Jul 23 2008,Jul 24 2008,RNA,1,time 0 following MMS treatment,Saccharomyces cerevisiae,strain Y262,"At time 0, cells were treated with 0.3mM of H2O2 or 0.1% of MMS.",Cells were grown in YPD to mid-log phase in 25 degrees.,total RNA,Total RNA was extracted using MasterPure™ (EPICENTER Biotechnologies).,biotin,"cDNA was prepared using poly(T) primers, labeled cRNA was prepared using the GeneChip system according to manufacturer instructions.",4932,GeneChip system according to manufacturer instructions.,GeneChip system according to manufacturer instructions.,Gene expression following treatment with 0.1% of MMS,RMA algorithms using bioconductor software implemented in R.,GPL2529,"Ophir,,Shalem",ophir.shalem@weizmann.ac.il,Weizmann Inst.,Hertzel,Rehovot,76100,Israel,ftp://ftp.ncbi.nlm.nih.gov/geo/samples/GSM307nnn/GSM307223/suppl/GSM307223.CEL.gz,5900
GSM307224,"DNA damage stress, t=30min",Public on Oct 01 2008,Jul 23 2008,Jul 24 2008,RNA,1,30 min following MMS treatment,Saccharomyces cerevisiae,strain Y262,"At time 0, cells were treated with 0.3mM of H2O2 or 0.1% of MMS.",Cells were grown in YPD to mid-log phase in 25 degrees.,total RNA,Total RNA was extracted using MasterPure™ (EPICENTER Biotechnologies).,biotin,"cDNA was prepared using poly(T) primers, labeled cRNA was prepared using the GeneChip system according to manufacturer instructions.",4932,GeneChip system according to manufacturer instructions.,GeneChip system according to manufacturer instructions.,Gene expression following treatment with 0.1% of MMS,RMA algorithms using bioconductor software implemented in R.,GPL2529,"Ophir,,Shalem",ophir.shalem@weizmann.ac.il,Weizmann Inst.,Hertzel,Rehovot,76100,Israel,ftp://ftp.ncbi.nlm.nih.gov/geo/samples/GSM307nnn/GSM307224/suppl/GSM307224.CEL.gz,5900
GSM307225,"DNA damage stress, t=60min",Public on Oct 01 2008,Jul 23 2008,Jul 24 2008,RNA,1,60 min following MMS treatment,Saccharomyces cerevisiae,strain Y262,"At time 0, cells were treated with 0.3mM of H2O2 or 0.1% of MMS.",Cells were grown in YPD to mid-log phase in 25 degrees.,total RNA,Total RNA was extracted using MasterPure™ (EPICENTER Biotechnologies).,biotin,"cDNA was prepared using poly(T) primers, labeled cRNA was prepared using the GeneChip system according to manufacturer instructions.",4932,GeneChip system according to manufacturer instructions.,GeneChip system according to manufacturer instructions.,Gene expression following treatment with 0.1% of MMS,RMA algorithms using bioconductor software implemented in R.,GPL2529,"Ophir,,Shalem",ophir.shalem@weizmann.ac.il,Weizmann Inst.,Hertzel,Rehovot,76100,Israel,ftp://ftp.ncbi.nlm.nih.gov/geo/samples/GSM307nnn/GSM307225/suppl/GSM307225.CEL.gz,5900
GSM307226,"DNA damage stress, t=100min",Public on Oct 01 2008,Jul 23 2008,Jul 24 2008,RNA,1,100 min following MMS treatment,Saccharomyces cerevisiae,strain Y262,"At time 0, cells were treated with 0.3mM of H2O2 or 0.1% of MMS.",Cells were grown in YPD to mid-log phase in 25 degrees.,total RNA,Total RNA was extracted using MasterPure™ (EPICENTER Biotechnologies).,biotin,"cDNA was prepared using poly(T) primers, labeled cRNA was prepared using the GeneChip system according to manufacturer instructions.",4932,GeneChip system according to manufacturer instructions.,GeneChip system according to manufacturer instructions.,Gene expression following treatment with 0.1% of MMS,RMA algorithms using bioconductor software implemented in R.,GPL2529,"Ophir,,Shalem",ophir.shalem@weizmann.ac.il,Weizmann Inst.,Hertzel,Rehovot,76100,Israel,ftp://ftp.ncbi.nlm.nih.gov/geo/samples/GSM307nnn/GSM307226/suppl/GSM307226.CEL.gz,5900
GSM307227,"DNA damage stress, t=140min",Public on Oct 01 2008,Jul 23 2008,Jul 24 2008,RNA,1,140 min following MMS treatment,Saccharomyces cerevisiae,strain Y262,"At time 0, cells were treated with 0.3mM of H2O2 or 0.1% of MMS.",Cells were grown in YPD to mid-log phase in 25 degrees.,total RNA,Total RNA was extracted using MasterPure™ (EPICENTER Biotechnologies).,biotin,"cDNA was prepared using poly(T) primers, labeled cRNA was prepared using the GeneChip system according to manufacturer instructions.",4932,GeneChip system according to manufacturer instructions.,GeneChip system according to manufacturer instructions.,Gene expression following treatment with 0.1% of MMS,RMA algorithms using bioconductor software implemented in R.,GPL2529,"Ophir,,Shalem",ophir.shalem@weizmann.ac.il,Weizmann Inst.,Hertzel,Rehovot,76100,Israel,ftp://ftp.ncbi.nlm.nih.gov/geo/samples/GSM307nnn/GSM307227/suppl/GSM307227.CEL.gz,5900
GSM307228,"DNA damage stress, t=180min",Public on Oct 01 2008,Jul 23 2008,Jul 24 2008,RNA,1,180 min following MMS treatment,Saccharomyces cerevisiae,strain Y262,"At time 0, cells were treated with 0.3mM of H2O2 or 0.1% of MMS.",Cells were grown in YPD to mid-log phase in 25 degrees.,total RNA,Total RNA was extracted using MasterPure™ (EPICENTER Biotechnologies).,biotin,"cDNA was prepared using poly(T) primers, labeled cRNA was prepared using the GeneChip system according to manufacturer instructions.",4932,GeneChip system according to manufacturer instructions.,GeneChip system according to manufacturer instructions.,Gene expression following treatment with 0.1% of MMS,RMA algorithms using bioconductor software implemented in R.,GPL2529,"Ophir,,Shalem",ophir.shalem@weizmann.ac.il,Weizmann Inst.,Hertzel,Rehovot,76100,Israel,ftp://ftp.ncbi.nlm.nih.gov/geo/samples/GSM307nnn/GSM307228/suppl/GSM307228.CEL.gz,5900
