probe_id,symbol,orf,category,group,annotation_symbol,symbol_check,H2O2_responsive,H2O2_up,H2O2_down,H2O2_direction,H2O2_n_timepoints_above,H2O2_max_log2fc,H2O2_min_log2fc,H2O2_peak_log2fc,H2O2_peak_time_min,MMS_responsive,MMS_up,MMS_down,MMS_direction,MMS_n_timepoints_above,MMS_max_log2fc,MMS_min_log2fc,MMS_peak_log2fc,MMS_peak_time_min,comparison_H2O2_vs_MMS,H2O2_pattern,MMS_pattern,strength,is_best_probe,n_probes
1774896_at,SOD1,YJR104C,antioxidant_defense,superoxide dismutase,SOD1,ok,False,False,False,none,0,0.42865598000000027,-0.0017871500000001816,0.42865598000000027,60.0,False,False,False,none,0,0.4416606199999986,0.1605531599999992,0.4416606199999986,100.0,none,none,none,0.4416606199999986,True,1
1773993_at,SOD2,YHR008C,antioxidant_defense,superoxide dismutase,SOD2,ok,True,True,False,up,3,1.9986964,0.46005674000000063,1.9986964,60.0,True,True,False,up,5,1.7869059200000006,1.1594070000000016,1.7869059200000006,100.0,both_up,early_transient_up,early_sustained_up,1.9986964,True,1
1775322_at,CCS1,YMR038C,antioxidant_defense,superoxide dismutase,CCS1,ok,False,False,False,none,0,0.6157734000000001,-0.8309154500000009,-0.8309154500000009,140.0,False,False,False,none,0,0.8766603499999999,0.5057387299999991,0.8766603499999999,60.0,none,none,none,0.8766603499999999,True,1
1769955_at,CTT1,YGR088W,antioxidant_defense,catalase,CTT1,ok,True,True,False,up,5,5.051275292000001,1.2641772100000006,5.051275292000001,60.0,True,True,False,up,5,3.2847628769999995,1.1477678730000003,3.2847628769999995,100.0,both_up,early_sustained_up,early_sustained_up,5.051275292000001,True,1
1776304_at,CTA1,YDR256C,antioxidant_defense,catalase,CTA1,ok,True,True,False,up,3,5.781729097,0.6331178099999999,5.781729097,30.0,True,True,False,up,5,3.6418535249999993,1.8632768459999998,3.6418535249999993,60.0,both_up,early_transient_up,early_sustained_up,5.781729097,True,1
1774211_at,TSA1,YML028W,antioxidant_defense,peroxiredoxin,TSA1,ok,False,False,False,none,0,0.4250465400000003,-0.015549560000000184,0.4250465400000003,100.0,False,False,False,none,0,0.4577029599999989,0.16310767999999953,0.4577029599999989,100.0,none,none,none,0.4577029599999989,True,1
1771624_at,TSA2,YDR453C,antioxidant_defense,peroxiredoxin,TSA2,ok,True,True,False,up,5,7.649481124000001,6.848747244,7.649481124000001,100.0,True,True,False,up,5,6.578124098,3.999515668000001,6.578124098,100.0,both_up,early_sustained_up,early_sustained_up,7.649481124000001,True,1
1778532_at,AHP1,YLR109W,antioxidant_defense,peroxiredoxin,AHP1,ok,False,False,False,none,0,0.6573595599999997,0.19055990000000023,0.6573595599999997,60.0,False,False,False,none,0,0.6486678399999999,0.3417859500000002,0.6486678399999999,180.0,none,none,none,0.6573595599999997,True,1
1769495_at,DOT5,YIL010W,antioxidant_defense,peroxiredoxin,DOT5,ok,False,False,False,none,0,0.8228094730000013,0.11571877000000086,0.8228094730000013,100.0,False,False,False,none,0,0.8794561119999997,-0.0841460000000005,0.8794561119999997,140.0,none,none,none,0.8794561119999997,True,1
1775303_at,PRX1,YBL064C,antioxidant_defense,peroxiredoxin,PRX1,ok,True,True,False,up,5,2.6283816699999996,1.5514310600000005,2.6283816699999996,60.0,True,True,False,up,5,2.8555000130000003,1.784544233,2.8555000130000003,180.0,both_up,early_sustained_up,early_sustained_up,2.8555000130000003,True,1
1775851_at,GPX1,YKL026C,antioxidant_defense,glutathione peroxidase,GPX1,ok,True,True,False,up,5,1.8204286209999996,1.0191958629999993,1.8204286209999996,60.0,True,True,False,up,5,2.932210478,1.0182967059999992,2.932210478,180.0,both_up,early_sustained_up,early_sustained_up,2.932210478,True,1
1773816_at,GPX2,YBR244W,antioxidant_defense,glutathione peroxidase,GPX2,ok,True,True,False,up,4,2.7148148600000006,-2.153840474,2.7148148600000006,60.0,True,True,False,up,5,2.65514398,2.111468969999999,2.65514398,60.0,both_up,early_transient_up,early_sustained_up,2.7148148600000006,True,1
1772259_at,GPX3,YIR037W,antioxidant_defense,glutathione peroxidase,HYR1,symbol_mismatch,False,False,False,none,0,0.7542322000000006,0.13491535,0.7542322000000006,100.0,False,False,False,none,1,1.1166557099999999,-0.02970979999999912,1.1166557099999999,180.0,none,none,none,1.1166557099999999,True,1
1777080_at,GSH1,YJL101C,antioxidant_defense,glutathione system,GSH1,ok,True,True,False,up,2,1.8053843139999994,-0.6758818489999996,1.8053843139999994,30.0,True,True,False,up,5,1.921076459,1.4746277190000008,1.921076459,140.0,both_up,early_transient_up,early_sustained_up,1.921076459,True,1
1778316_at,GSH2,YOL049W,antioxidant_defense,glutathione system,GSH2,ok,False,False,False,none,0,0.495631040000001,-0.09368692999999872,0.495631040000001,60.0,True,True,False,up,3,1.2160936600000003,0.4472804400000001,1.2160936600000003,180.0,MMS_only_up,none,late_sustained_up,1.2160936600000003,True,1
1774152_at,GLR1,YPL091W,antioxidant_defense,glutathione system,GLR1,ok,False,False,False,none,0,0.6642244799999997,0.1472780199999999,0.6642244799999997,60.0,False,False,False,none,0,0.6984999199999997,0.37151614000000066,0.6984999199999997,180.0,none,none,none,0.6984999199999997,True,1
1772421_at,GRX1,YCL035C,antioxidant_defense,glutathione system,GRX1,ok,False,False,False,none,0,0.5497917499999989,0.052354789999998985,0.5497917499999989,100.0,True,True,False,up,2,1.12911201,0.0972573600000004,1.12911201,180.0,MMS_only_up,none,late_sustained_up,1.12911201,True,1
1777042_at,GRX2,YDR513W,antioxidant_defense,glutathione system,GRX2,ok,True,True,False,up,3,1.713636489999999,0.5347770899999986,1.713636489999999,60.0,True,True,False,up,5,1.6293250399999994,1.2311410800000004,1.6293250399999994,60.0,both_up,early_transient_up,early_sustained_up,1.713636489999999,True,1
1776749_at,GTT1,YIR038C,antioxidant_defense,glutathione system,GTT1,ok,True,True,False,up,4,1.4061915999999997,0.37907341000000017,1.4061915999999997,140.0,True,True,False,up,3,1.7611110200000013,0.20030846000000047,1.7611110200000013,180.0,both_up,early_sustained_up,late_sustained_up,1.7611110200000013,True,1
1779613_at,GTT2,YLL060C,antioxidant_defense,glutathione system,GTT2,ok,True,True,False,up,4,4.4267654919999995,0.5379925639999996,4.4267654919999995,30.0,True,True,False,up,5,4.86572011,3.7310213799999996,4.86572011,180.0,both_up,early_transient_up,early_sustained_up,4.86572011,True,1
1774482_at,TRX1,YLR043C,antioxidant_defense,thioredoxin system,TRX1,ok,False,False,False,none,0,0.13972554999999964,-0.08026990000000112,0.13972554999999964,140.0,False,False,False,none,0,0.2082559900000014,-0.021357219999998733,0.2082559900000014,180.0,none,none,none,0.2082559900000014,True,1
1774375_at,TRX2,YGR209C,antioxidant_defense,thioredoxin system,TRX2,ok,False,False,False,none,0,0.6902009600000003,0.19663085999999907,0.6902009600000003,100.0,False,False,False,none,0,0.739953830000001,0.40219903000000023,0.739953830000001,180.0,none,none,none,0.739953830000001,True,1
1770695_at,TRX3,YCR083W,antioxidant_defense,thioredoxin system,TRX3,ok,False,False,False,none,0,0.997063390000001,0.10355498000000019,0.997063390000001,100.0,False,False,False,none,0,0.6073612630000014,-0.19964202599999936,0.6073612630000014,180.0,none,none,none,0.997063390000001,True,1
1770583_at,TRR1,YDR353W,antioxidant_defense,thioredoxin system,TRR1,ok,True,True,False,up,2,1.254218869999999,-0.3690965300000002,1.254218869999999,60.0,True,True,False,up,2,1.1068488699999985,0.8020053300000001,1.1068488699999985,60.0,both_up,early_transient_up,early_partial_decline_up,1.254218869999999,True,1
1776805_at,TRR2,YHR106W,antioxidant_defense,thioredoxin system,TRR2,ok,False,False,False,none,0,0.7754699350000003,0.347425513000001,0.7754699350000003,60.0,True,True,False,up,3,1.2284493310000002,0.10784693700000147,1.2284493310000002,140.0,MMS_only_up,none,late_sustained_up,1.2284493310000002,True,1
1773938_at,SRX1,YKL086W,antioxidant_defense,thioredoxin system,SRX1,ok,True,True,False,up,4,7.007459959999999,0.14156486500000032,7.007459959999999,30.0,True,True,False,up,5,6.601798637000001,5.417823267,6.601798637000001,60.0,both_up,early_transient_up,early_sustained_up,7.007459959999999,True,1
1776427_at,ZWF1,YNL241C,ros_metabolism,NADPH supply / pentose phosphate pathway,ZWF1,ok,True,True,False,up,3,2.147749150000001,0.34285311000000007,2.147749150000001,60.0,True,True,False,up,5,2.086826049999999,1.053934159999999,2.086826049999999,100.0,both_up,early_transient_up,early_sustained_up,2.147749150000001,True,1
1775218_at,GND1,YHR183W,ros_metabolism,NADPH supply / pentose phosphate pathway,GND1,ok,False,False,False,none,0,0.5905634000000006,0.034725110000000114,0.5905634000000006,100.0,True,False,True,down,2,-0.165025270000001,-1.4573175000000003,-1.4573175000000003,180.0,MMS_only_down,none,late_sustained_down,1.4573175000000003,True,1
1773961_at,GND2,YGR256W,ros_metabolism,NADPH supply / pentose phosphate pathway,GND2,ok,True,True,False,up,4,2.3768973339999997,0.8790510669999998,2.3768973339999997,100.0,True,True,False,up,3,2.5124992319999997,-0.002629881999999917,2.5124992319999997,180.0,both_up,early_sustained_up,late_sustained_up,2.5124992319999997,True,1
1775647_at,SOL3,YHR163W,ros_metabolism,NADPH supply / pentose phosphate pathway,SOL3,ok,False,False,False,none,0,0.35882594999999995,-0.050188090000000685,0.35882594999999995,100.0,False,False,False,none,0,-0.23512083999999867,-0.47722464999999836,-0.47722464999999836,180.0,none,none,none,0.47722464999999836,True,1
1774540_at,SOL4,YGR248W,ros_metabolism,NADPH supply / pentose phosphate pathway,SOL4,ok,True,True,False,up,5,5.393350752,3.598627347999999,5.393350752,60.0,True,True,False,up,5,6.144632981999999,1.6666101509999995,6.144632981999999,140.0,both_up,early_sustained_up,early_sustained_up,6.144632981999999,True,1
1778503_at,TKL1,YPR074C,ros_metabolism,NADPH supply / pentose phosphate pathway,TKL1,ok,False,False,False,none,0,0.04347311999999981,-0.19826209000000006,-0.19826209000000006,60.0,True,False,True,down,4,-0.23068957999999995,-2.1522556900000005,-2.1522556900000005,140.0,MMS_only_down,none,early_sustained_down,2.1522556900000005,True,1
1773863_at,TAL1,YLR354C,ros_metabolism,NADPH supply / pentose phosphate pathway,TAL1,ok,False,False,False,none,0,0.5485548199999997,0.15529569999999993,0.5485548199999997,100.0,False,False,False,none,0,0.06166166999999945,0.002534830000000099,0.06166166999999945,100.0,none,none,none,0.5485548199999997,True,1
1778325_at,ALD6,YPL061W,ros_metabolism,NADPH supply / pentose phosphate pathway,ALD6,ok,False,False,False,none,0,0.26381246000000047,-0.7087208699999987,-0.7087208699999987,100.0,True,False,True,down,3,0.5315510200000002,-2.8869282270000003,-2.8869282270000003,180.0,MMS_only_down,none,late_sustained_down,2.8869282270000003,True,1
1779660_at,IDP2,YLR174W,ros_metabolism,NADPH supply / pentose phosphate pathway,IDP2,ok,False,False,False,none,0,0.894626313999999,0.5357893149999997,0.894626313999999,140.0,True,True,False,up,3,1.753070168999999,0.4335141809999996,1.753070168999999,180.0,MMS_only_up,none,late_sustained_up,1.753070168999999,True,1
1774351_at,POS5,YPL188W,ros_metabolism,NADPH supply / pentose phosphate pathway,POS5,ok,False,False,False,none,0,0.21612535099999874,-0.017242198000001707,0.21612535099999874,140.0,False,False,False,none,0,0.9141637029999998,0.4647901609999998,0.9141637029999998,140.0,none,none,none,0.9141637029999998,True,1
1777048_at,OYE2,YHR179W,ros_metabolism,NADPH oxidoreductase (old yellow enzymes),OYE2,ok,False,False,False,none,0,0.8055233800000003,-0.4548167299999992,0.8055233800000003,60.0,False,False,False,none,0,0.9729285400000016,0.7701065800000002,0.9729285400000016,140.0,none,none,none,0.9729285400000016,True,1
1775331_at,OYE3,YPL171C,ros_metabolism,NADPH oxidoreductase (old yellow enzymes),OYE3,ok,True,True,False,up,4,6.058244822,0.3213830230000001,6.058244822,60.0,True,True,False,up,5,6.09506091,4.8786703000000005,6.09506091,180.0,both_up,early_transient_up,early_sustained_up,6.09506091,True,1
1771196_at,MEC1,YBR136W,dna_damage_response,checkpoint / signaling,MEC1,ok,False,False,False,none,0,0.047109803999999755,-0.3071481770000002,-0.3071481770000002,30.0,False,False,False,none,0,-0.10059302199999998,-0.25928360600000033,-0.25928360600000033,180.0,none,none,none,0.3071481770000002,True,1
1770864_at,RAD53,YPL153C,dna_damage_response,checkpoint / signaling,RAD53,ok,False,False,False,none,0,0.48636469600000076,0.02406902600000027,0.48636469600000076,60.0,False,False,False,none,0,0.4607886599999995,0.18578931699999934,0.4607886599999995,100.0,none,none,none,0.48636469600000076,True,1
1771552_at,RAD9,YDR217C,dna_damage_response,checkpoint / signaling,RAD9,ok,False,False,False,none,0,-0.00583422500000097,-0.6442504190000005,-0.6442504190000005,30.0,False,False,False,none,0,-0.2190076990000005,-0.776605645000001,-0.776605645000001,140.0,none,none,none,0.776605645000001,True,1
1773949_at,DUN1,YDL101C,dna_damage_response,checkpoint / signaling,DUN1,ok,False,False,False,none,0,0.566281451,0.18796114599999925,0.566281451,60.0,True,True,False,up,2,1.1841284660000007,0.4222912619999999,1.1841284660000007,140.0,MMS_only_up,none,late_partial_decline_up,1.1841284660000007,True,1
1778919_at,RNR1,YER070W,dna_damage_response,ribonucleotide reductase,RNR1,ok,False,False,False,none,1,0.2168182999999999,-1.431133697,-1.431133697,30.0,True,False,True,down,3,-0.027759960000000916,-1.9516531849999996,-1.9516531849999996,180.0,MMS_only_down,none,late_sustained_down,1.9516531849999996,True,1
1774675_at,RNR2,YJL026W,dna_damage_response,ribonucleotide reductase,RNR2,ok,False,False,False,none,0,0.7207931900000002,0.15995810999999982,0.7207931900000002,180.0,False,False,False,none,0,0.8974274399999995,0.14040424999999956,0.8974274399999995,140.0,none,none,none,0.8974274399999995,True,1
1780044_at,RNR3,YIL066C,dna_damage_response,ribonucleotide reductase,RNR3,ok,True,True,False,up,4,2.834389378000001,0.9771654630000004,2.834389378000001,140.0,True,True,False,up,5,3.1721504719999993,1.229302916,3.1721504719999993,100.0,both_up,early_sustained_up,early_sustained_up,3.1721504719999993,True,1
1776155_at,RNR4,YGR180C,dna_damage_response,ribonucleotide reductase,RNR4,ok,False,False,False,none,0,0.5874568,0.02955788000000048,0.5874568,180.0,False,False,False,none,0,0.7921575500000007,0.15784660000000095,0.7921575500000007,180.0,none,none,none,0.7921575500000007,True,1
1773120_at,RAD51,YER095W,dna_damage_response,recombination / post-replication repair,RAD51,ok,False,False,False,none,0,0.8636524939999983,0.3409868039999999,0.8636524939999983,60.0,False,False,False,none,0,0.7822351740000002,0.10570038400000037,0.7822351740000002,180.0,none,none,none,0.8636524939999983,True,1
1771648_at,RAD52,YML032C,dna_damage_response,recombination / post-replication repair,RAD52,ok,False,False,False,none,0,0.7553077580000007,-0.493789679999999,0.7553077580000007,60.0,False,False,False,none,0,0.7658988059999992,0.49910136599999966,0.7658988059999992,60.0,none,none,none,0.7658988059999992,True,1
1777718_at,RAD6,YGL058W,dna_damage_response,recombination / post-replication repair,RAD6,ok,False,False,False,none,0,-0.11010067000000134,-0.35954736000000054,-0.35954736000000054,100.0,False,False,False,none,1,-0.33333919000000023,-1.0059383119999996,-1.0059383119999996,140.0,none,none,none,1.0059383119999996,True,1
1773962_at,RAD18,YCR066W,dna_damage_response,recombination / post-replication repair,RAD18,ok,False,False,False,none,0,0.36930834800000056,-0.22678071099999997,0.36930834800000056,30.0,True,True,False,up,3,1.1232384180000006,0.4501807850000006,1.1232384180000006,180.0,MMS_only_up,none,late_sustained_up,1.1232384180000006,True,1
1772101_at,OGG1,YML060W,dna_damage_response,base excision / alkylation repair,OGG1,ok,True,False,True,down,2,0.06087596599999934,-1.6801475149999998,-1.6801475149999998,60.0,True,False,True,down,2,-0.40604863999999985,-1.439169593999999,-1.439169593999999,100.0,both_down,early_transient_down,late_partial_decline_down,1.6801475149999998,True,1
1773644_at,APN1,YKL114C,dna_damage_response,base excision / alkylation repair,APN1,ok,False,False,False,none,0,-0.058143399999998735,-0.42344360899999955,-0.42344360899999955,140.0,False,False,False,none,0,0.1240603500000006,-0.0986505099999988,0.1240603500000006,100.0,none,none,none,0.42344360899999955,True,1
1772386_at,NTG1,YAL015C,dna_damage_response,base excision / alkylation repair,NTG1,ok,True,True,False,up,2,1.4690686509999997,0.09170749200000028,1.4690686509999997,30.0,True,True,False,up,4,1.5818069989999994,0.7717549009999995,1.5818069989999994,180.0,both_up,early_transient_up,early_sustained_up,1.5818069989999994,True,1
1771826_at,NTG2,YOL043C,dna_damage_response,base excision / alkylation repair,NTG2,ok,False,False,False,none,0,-0.14489282899999978,-0.23115756199999993,-0.23115756199999993,30.0,False,False,False,none,0,0.8546631819999995,-0.22293649000000038,0.8546631819999995,180.0,none,none,none,0.8546631819999995,True,1
1770191_at,MAG1,YER142C,dna_damage_response,base excision / alkylation repair,MAG1,ok,True,True,False,up,3,2.3846867570000008,0.20371913500000005,2.3846867570000008,60.0,True,True,False,up,5,3.234888046,1.6963204559999987,3.234888046,180.0,both_up,early_transient_up,early_sustained_up,3.234888046,True,1
1772342_at,MGT1,YDL200C,dna_damage_response,base excision / alkylation repair,MGT1,ok,False,False,False,none,0,0.24974921499999958,0.08345113600000076,0.24974921499999958,60.0,False,False,False,none,0,0.6772959590000003,0.03216395900000002,0.6772959590000003,180.0,none,none,none,0.6772959590000003,True,1
1777959_at,RAD27,YKL113C,dna_damage_response,base excision / alkylation repair,RAD27,ok,False,False,False,none,0,-0.1651954680000003,-0.6097373860000008,-0.6097373860000008,30.0,False,False,False,none,0,0.2332583709999998,-0.16970271099999934,0.2332583709999998,180.0,none,none,none,0.6097373860000008,True,1
1771042_at,UNG1,YML021C,dna_damage_response,base excision / alkylation repair,UNG1,ok,False,False,False,none,0,-0.036213215000000076,-0.3508389850000011,-0.3508389850000011,60.0,False,False,False,none,0,-0.11525487599999984,-0.7005660860000003,-0.7005660860000003,180.0,none,none,none,0.7005660860000003,True,1
1770170_at,RAD2,YGR258C,dna_damage_response,nucleotide excision / mismatch repair,RAD2,ok,False,False,False,none,0,0.832409843999999,-0.020469921000000113,0.832409843999999,60.0,True,True,False,up,4,2.5296407190000005,0.35975215800000004,2.5296407190000005,180.0,MMS_only_up,none,early_sustained_up,2.5296407190000005,True,1
1779649_at,RAD14,YMR201C,dna_damage_response,nucleotide excision / mismatch repair,RAD14,ok,False,False,False,none,0,0.1962580789999997,-0.1649484069999998,0.1962580789999997,60.0,False,False,False,none,0,0.7825538779999999,0.05273051899999981,0.7825538779999999,140.0,none,none,none,0.7825538779999999,True,1
1776787_at,RAD23,YEL037C,dna_damage_response,nucleotide excision / mismatch repair,RAD23,ok,False,False,False,none,0,0.28686818999999986,-0.4545192699999987,-0.4545192699999987,180.0,False,False,False,none,0,0.5365501899999998,0.2298252300000012,0.5365501899999998,60.0,none,none,none,0.5365501899999998,True,1
1770036_at,MSH2,YOL090W,dna_damage_response,nucleotide excision / mismatch repair,MSH2,ok,False,False,False,none,0,0.12044648500000044,-0.33595478799999867,-0.33595478799999867,30.0,False,False,False,none,0,0.29035513900000076,-0.019859137999999277,0.29035513900000076,100.0,none,none,none,0.33595478799999867,True,1
1776874_at,MLH1,YMR167W,dna_damage_response,nucleotide excision / mismatch repair,MLH1,ok,False,False,False,none,0,0.10139083700000029,-0.5732154109999996,-0.5732154109999996,100.0,False,False,False,none,0,0.4957497429999993,0.017472898999999487,0.4957497429999993,140.0,none,none,none,0.5732154109999996,True,1
1774354_at,DDR2,YOL052C-A,dna_damage_response,damage-responsive gene,DDR2,ok,True,True,False,up,5,6.152639323,4.004238032999999,6.152639323,30.0,True,True,False,up,5,5.6488224240000005,3.1212211960000005,5.6488224240000005,100.0,both_up,early_sustained_up,early_sustained_up,6.152639323,True,1
1773675_at,MXR1,YER042W,protein_repair,methionine sulfoxide reductase,MXR1,ok,False,False,False,none,0,0.7063767500000004,0.024989469999999514,0.7063767500000004,100.0,True,True,False,up,2,1.353856630000001,-0.21462028999999916,1.353856630000001,180.0,MMS_only_up,none,late_sustained_up,1.353856630000001,True,1
1777941_at,MXR2,YCL033C,protein_repair,methionine sulfoxide reductase,,annotation_has_no_symbol,False,False,False,none,0,0.6922134900000003,-0.19849180599999983,0.6922134900000003,140.0,False,False,False,none,0,0.9708738100000005,-0.1438708609999999,0.9708738100000005,180.0,none,none,none,0.9708738100000005,True,1
1774564_at,HSP104,YLL026W,protein_repair,heat shock proteins / chaperones,HSP104,ok,True,True,False,up,4,1.4372602000000008,0.9305933900000003,1.4372602000000008,60.0,True,True,False,up,4,1.954494780000001,0.8611571400000013,1.954494780000001,180.0,both_up,early_partial_decline_up,early_sustained_up,1.954494780000001,True,1
1777569_at,HSP26,YBR072W,protein_repair,heat shock proteins / chaperones,HSP26,ok,True,True,False,up,3,1.5087680680000002,-0.025534431000000524,1.5087680680000002,140.0,True,True,False,up,3,4.074429941,-0.29823753799999864,4.074429941,180.0,both_up,late_sustained_up,late_sustained_up,4.074429941,True,1
1779754_at,HSP12,YFL014W,protein_repair,heat shock proteins / chaperones,HSP12,ok,True,True,False,up,4,3.64527586,0.8660104470000007,3.64527586,100.0,True,True,False,up,4,4.571468921000001,-0.3923999829999989,4.571468921000001,180.0,both_up,early_sustained_up,early_sustained_up,4.571468921000001,True,1
1776550_at,HSP42,YDR171W,protein_repair,heat shock proteins / chaperones,HSP42,ok,True,True,False,up,5,2.6144877710000003,1.1011684709999994,2.6144877710000003,60.0,True,True,False,up,5,3.1590969169999994,2.2424079470000002,3.1590969169999994,140.0,both_up,early_sustained_up,early_sustained_up,3.1590969169999994,True,1
1775364_at,HSP30,YCR021C,protein_repair,heat shock proteins / chaperones,HSP30,ok,True,True,False,up,3,4.932810671000001,0.0439279560000001,4.932810671000001,30.0,True,True,False,up,5,4.261024712999999,1.3468805639999992,4.261024712999999,180.0,both_up,early_transient_up,early_sustained_up,4.932810671000001,True,1
1771860_at,SSA1,YAL005C,protein_repair,heat shock proteins / chaperones,SSA1,ok,False,False,False,none,0,0.8516215700000007,0.28684954999999945,0.8516215700000007,100.0,True,True,False,up,3,1.202927149999999,0.4535503700000003,1.202927149999999,180.0,MMS_only_up,none,late_sustained_up,1.202927149999999,True,1
1770202_at,SSA4,YER103W,protein_repair,heat shock proteins / chaperones,SSA4,ok,True,True,False,up,2,1.4013324010000003,0.32418424599999884,1.4013324010000003,60.0,True,True,False,up,3,3.0828551070000003,0.24336159899999998,3.0828551070000003,180.0,both_up,early_transient_up,late_sustained_up,3.0828551070000003,True,1
1773612_at,HSP82,YPL240C,protein_repair,heat shock proteins / chaperones,HSP82,ok,True,True,False,up,4,2.148381769,0.7215499429999994,2.148381769,60.0,True,True,False,up,5,2.505849328,1.578023978000001,2.505849328,140.0,both_up,early_transient_up,early_sustained_up,2.505849328,True,1
1775624_at,HSC82,YMR186W,protein_repair,heat shock proteins / chaperones,HSC82,ok,False,False,False,none,0,0.09920692999999936,-0.15196073999999982,-0.15196073999999982,180.0,False,False,False,none,0,0.01314610000000016,-0.08176528000000083,-0.08176528000000083,100.0,none,none,none,0.15196073999999982,True,1
1777302_at,STI1,YOR027W,protein_repair,heat shock proteins / chaperones,STI1,ok,False,False,False,none,0,0.44215319000000086,0.018433760000000632,0.44215319000000086,60.0,True,True,False,up,2,1.1045323600000003,0.35351056000000014,1.1045323600000003,180.0,MMS_only_up,none,late_sustained_up,1.1045323600000003,True,1
1772373_at,UBI4,YLL039C,protein_repair,ubiquitin / oxidative protein folding,UBI4,ok,True,True,False,up,2,1.3040745499999993,0.5276010899999992,1.3040745499999993,60.0,True,True,False,up,4,1.8417596599999992,0.6912364800000006,1.8417596599999992,180.0,both_up,early_transient_up,early_sustained_up,1.8417596599999992,True,1
1770012_at,PDI1,YCL043C,protein_repair,ubiquitin / oxidative protein folding,PDI1,ok,False,False,False,none,0,0.38296616999999955,-0.009485740000000575,0.38296616999999955,60.0,False,False,False,none,0,0.49804288000000163,0.0492973800000005,0.49804288000000163,180.0,none,none,none,0.49804288000000163,True,1
1776709_at,ERO1,YML130C,protein_repair,ubiquitin / oxidative protein folding,ERO1,ok,False,False,False,none,0,0.6229954500000012,-0.40473880999999956,0.6229954500000012,30.0,True,True,False,up,5,1.8900638500000007,1.0534588300000003,1.8900638500000007,180.0,MMS_only_up,none,early_sustained_up,1.8900638500000007,True,1
1779223_at,YAP1,YML007W,stress_response,transcription factors,YAP1,ok,True,True,False,up,2,1.3318644489999993,-0.3397007770000009,1.3318644489999993,30.0,True,True,False,up,4,1.719124260000001,0.8687175700000012,1.719124260000001,140.0,both_up,early_transient_up,early_sustained_up,1.719124260000001,True,1
1780114_at,SKN7,YHR206W,stress_response,transcription factors,SKN7,ok,False,False,False,none,1,-0.45804528600000083,-1.150848496,-1.150848496,30.0,True,False,True,down,4,-0.6993616469999999,-1.3930926349999995,-1.3930926349999995,140.0,MMS_only_down,none,early_sustained_down,1.3930926349999995,True,1
1771349_at,MSN2,YMR037C,stress_response,transcription factors,MSN2,ok,False,False,False,none,0,0.2869645219999999,-0.08075547199999988,0.2869645219999999,60.0,False,False,False,none,0,0.5765422820000001,0.21096329000000047,0.5765422820000001,100.0,none,none,none,0.5765422820000001,True,1
1772517_at,MSN4,YKL062W,stress_response,transcription factors,MSN4,ok,True,True,False,up,2,1.6236869250000003,0.5305870779999999,1.6236869250000003,60.0,True,True,False,up,4,1.514152469999999,-0.3298521680000004,1.514152469999999,100.0,both_up,early_transient_up,early_sustained_up,1.6236869250000003,True,1
1773393_at,HSF1,YGL073W,stress_response,transcription factors,HSF1,ok,False,False,False,none,0,0.7386812359999997,-0.14278089499999957,0.7386812359999997,60.0,True,True,False,up,4,2.4129833539999996,0.6868710240000002,2.4129833539999996,180.0,MMS_only_up,none,early_sustained_up,2.4129833539999996,True,1
1771358_at,STB5,YHR178W,stress_response,transcription factors,STB5,ok,False,False,False,none,0,0.24244935000000023,-0.5105022420000003,-0.5105022420000003,30.0,False,False,False,none,0,0.339413553,-0.6727727769999996,-0.6727727769999996,30.0,none,none,none,0.6727727769999996,True,1
1775699_at,HOG1,YLR113W,stress_response,signaling,HOG1,ok,False,False,False,none,0,0.35122246999999973,0.16756479000000013,0.35122246999999973,60.0,False,False,False,none,0,0.6654060000000008,0.25868897000000146,0.6654060000000008,100.0,none,none,none,0.6654060000000008,True,1
1777178_at,PBS2,YJL128C,stress_response,signaling,PBS2,ok,False,False,False,none,0,0.3891515339999998,-0.1860054859999991,0.3891515339999998,30.0,True,True,False,up,2,1.028810781999999,0.48564570299999943,1.028810781999999,100.0,MMS_only_up,none,late_partial_decline_up,1.028810781999999,True,1
1779408_at,TPS1,YBR126C,stress_response,trehalose metabolism,TPS1,ok,True,True,False,up,4,1.7811732200000012,0.7182739900000001,1.7811732200000012,60.0,True,True,False,up,4,2.2891204199999997,0.8962246399999998,2.2891204199999997,140.0,both_up,early_transient_up,early_sustained_up,2.2891204199999997,True,1
1776531_at,TPS2,YDR074W,stress_response,trehalose metabolism,TPS2,ok,True,True,False,up,4,2.0381508979999996,0.8366705929999991,2.0381508979999996,60.0,True,True,False,up,5,2.9464062700000007,1.222133963000001,2.9464062700000007,100.0,both_up,early_transient_up,early_sustained_up,2.9464062700000007,True,1
1774756_at,TSL1,YML100W,stress_response,trehalose metabolism,TSL1,ok,True,True,False,up,5,4.253505218,2.1661372059999993,4.253505218,60.0,True,True,False,up,5,4.738298438,2.7358814380000007,4.738298438,100.0,both_up,early_sustained_up,early_sustained_up,4.738298438,True,1
1770456_at,NTH1,YDR001C,stress_response,trehalose metabolism,NTH1,ok,True,True,False,up,5,1.6815460719999997,1.1154262619999997,1.6815460719999997,60.0,True,True,False,up,4,2.742901080000001,0.7848180200000012,2.742901080000001,180.0,both_up,early_sustained_up,early_sustained_up,2.742901080000001,True,1
1769333_at,GRE1,YPL223C,stress_response,stress-induced genes,GRE1,ok,True,True,False,up,4,2.1180613819999996,0.5705698219999995,2.1180613819999996,180.0,True,True,False,up,3,2.4492345479999997,0.2668927849999996,2.4492345479999997,180.0,both_up,early_sustained_up,late_sustained_up,2.4492345479999997,True,1
1772997_at,GRE2,YOL151W,stress_response,stress-induced genes,GRE2,ok,True,True,False,up,3,2.5736304599999986,-0.6343854450000013,2.5736304599999986,60.0,True,True,False,up,5,2.6729032999999998,2.2796372299999987,2.6729032999999998,60.0,both_up,early_transient_up,early_sustained_up,2.6729032999999998,True,1
1774019_at,SIP18,YMR175W,stress_response,stress-induced genes,SIP18,ok,True,True,False,up,3,2.2845982639999995,-0.11492366100000062,2.2845982639999995,180.0,True,True,False,up,3,2.094889856,-0.12703828500000025,2.094889856,180.0,both_up,late_sustained_up,late_sustained_up,2.2845982639999995,True,1
1777690_at,XBP1,YIL101C,stress_response,stress-induced genes,XBP1,ok,True,True,False,up,5,3.2152503770000003,1.1203279779999997,3.2152503770000003,30.0,True,True,False,up,5,4.378724247999999,2.3186146470000004,4.378724247999999,100.0,both_up,early_sustained_up,early_sustained_up,4.378724247999999,True,1
1771908_at,YGP1,YNL160W,stress_response,stress-induced genes,YGP1,ok,True,True,False,up,5,1.8721750100000012,1.2809387700000006,1.8721750100000012,60.0,True,True,False,up,4,1.8836860699999995,0.9786572800000002,1.8836860699999995,100.0,both_up,early_sustained_up,early_sustained_up,1.8836860699999995,True,1
1772791_at,CCP1,YKR066C,mitochondrial_response,oxidative-stress-related mitochondrial enzymes,CCP1,ok,True,True,False,up,3,2.5418675200000003,0.2003329100000002,2.5418675200000003,60.0,True,True,False,up,5,2.2164585499999987,1.6835304499999992,2.2164585499999987,100.0,both_up,early_transient_up,early_sustained_up,2.5418675200000003,True,1
1778035_at,ACO1,YLR304C,mitochondrial_response,oxidative-stress-related mitochondrial enzymes,ACO1,ok,True,True,False,up,2,1.3301478800000002,0.540390669999999,1.3301478800000002,100.0,False,False,False,none,0,0.5502785200000009,-0.10921530999999973,0.5502785200000009,100.0,H2O2_only_up,late_partial_decline_up,none,1.3301478800000002,True,1
1769943_at,ACO2,YJL200C,mitochondrial_response,oxidative-stress-related mitochondrial enzymes,ACO2,ok,False,False,False,none,0,-0.057914770000000004,-0.4361815499999988,-0.4361815499999988,60.0,False,False,False,none,0,0.02924289999999985,-0.834105000000001,-0.834105000000001,180.0,none,none,none,0.834105000000001,True,1
1769857_at,MDH1,YKL085W,mitochondrial_response,oxidative-stress-related mitochondrial enzymes,MDH1,ok,True,True,False,up,2,1.1742511100000002,0.3378352499999995,1.1742511100000002,140.0,True,True,False,up,3,1.80418826,0.039947090000000074,1.80418826,140.0,both_up,late_partial_decline_up,late_sustained_up,1.80418826,True,1
1772202_at,SDH1,YKL148C,mitochondrial_response,oxidative-stress-related mitochondrial enzymes,SDH1,ok,True,True,False,up,3,1.3983556339999996,0.8383368830000002,1.3983556339999996,60.0,False,False,False,none,0,0.9084606500000003,0.28473188999999977,0.9084606500000003,100.0,H2O2_only_up,early_partial_decline_up,none,1.3983556339999996,True,1
1779412_at,CIT1,YNR001C,mitochondrial_response,oxidative-stress-related mitochondrial enzymes,CIT1,ok,True,True,False,up,4,1.5811736199999995,0.5535813799999989,1.5811736199999995,100.0,True,True,False,up,3,1.4429678700000004,0.4175374499999993,1.4429678700000004,180.0,both_up,early_sustained_up,late_sustained_up,1.5811736199999995,True,1
1773548_at,CYC1,YJR048W,mitochondrial_response,respiration / regulation,CYC1,ok,True,True,False,up,3,1.3603550099999993,0.15197787999999868,1.3603550099999993,60.0,True,False,True,down,4,-0.17236651999999886,-4.032746093999999,-4.032746093999999,180.0,different_direction,early_transient_up,early_sustained_down,4.032746093999999,True,1
1774137_at,CYC7,YEL039C,mitochondrial_response,respiration / regulation,CYC7,ok,True,True,False,up,5,3.823579809,2.6046444589999993,3.823579809,60.0,True,True,False,up,4,2.956989996999999,0.8649279609999994,2.956989996999999,100.0,both_up,early_sustained_up,early_sustained_up,3.823579809,True,1
1775441_at,HAP4,YKL109W,mitochondrial_response,respiration / regulation,HAP4,ok,True,True,False,up,4,1.5928909529999995,0.9369441090000006,1.5928909529999995,60.0,False,False,False,none,1,1.108024747,-0.9556441910000002,1.108024747,180.0,H2O2_only_up,early_sustained_up,none,1.5928909529999995,True,1
1776390_at,PIM1,YBL022C,mitochondrial_response,mitochondrial quality control / Fe-S,PIM1,ok,False,False,False,none,1,1.0217868499999998,-0.008101269999999161,1.0217868499999998,60.0,True,True,False,up,3,1.22566546,0.3563655800000003,1.22566546,100.0,MMS_only_up,none,late_sustained_up,1.22566546,True,1
1777772_at,YME1,YPR024W,mitochondrial_response,mitochondrial quality control / Fe-S,YME1,ok,False,False,False,none,0,0.6068765799999998,-0.1283619980000008,0.6068765799999998,30.0,False,False,False,none,0,0.9854393599999991,0.39403838999999863,0.9854393599999991,180.0,none,none,none,0.9854393599999991,True,1
1778899_at,HSP78,YDR258C,mitochondrial_response,mitochondrial quality control / Fe-S,HSP78,ok,True,True,False,up,4,1.3918142759999999,0.41757365800000024,1.3918142759999999,30.0,True,True,False,up,5,2.7220698569999993,1.9542464069999994,2.7220698569999993,140.0,both_up,early_transient_up,early_sustained_up,2.7220698569999993,True,1
1774204_at,NFS1,YCL017C,mitochondrial_response,mitochondrial quality control / Fe-S,NFS1,ok,False,False,False,none,0,0.5398154500000008,-0.01007748999999869,0.5398154500000008,30.0,False,False,False,none,0,0.05112203000000015,-0.07085664999999963,-0.07085664999999963,140.0,none,none,none,0.5398154500000008,True,1
1776923_at,ISU1,YPL135W,mitochondrial_response,mitochondrial quality control / Fe-S,ISU1,ok,False,False,False,none,1,1.0269890000000004,0.3902484700000013,1.0269890000000004,180.0,True,True,False,up,2,1.9968406099999996,0.7164848999999993,1.9968406099999996,180.0,MMS_only_up,none,late_sustained_up,1.9968406099999996,True,1
