threshold,min_consecutive,treatment,n_responsive,n_up,n_down
0.58,1,H2O2,2482,1307,1211
0.58,1,MMS,3928,2116,1829
0.58,2,H2O2,1753,952,807
0.58,2,MMS,3409,1838,1577
0.58,3,H2O2,1181,667,514
0.58,3,MMS,2917,1602,1315
1.0,1,H2O2,1211,679,538
1.0,1,MMS,2398,1257,1146
1.0,2,H2O2,793,474,319
1.0,2,MMS,2054,1091,963
1.0,3,H2O2,464,315,149
1.0,3,MMS,1694,902,792
1.58,1,H2O2,602,341,263
1.58,1,MMS,1274,630,644
1.58,2,H2O2,291,221,70
1.58,2,MMS,1082,543,539
1.58,3,H2O2,155,144,11
1.58,3,MMS,857,453,404
2.0,1,H2O2,356,212,145
2.0,1,MMS,814,398,416
2.0,2,H2O2,165,143,22
2.0,2,MMS,693,347,346
2.0,3,H2O2,92,84,8
2.0,3,MMS,523,274,249
