threshold,low_fraction,label,n_genes
0.58,0.3,none,2126
0.58,0.3,ambiguous,1918
0.58,0.3,shared_up,800
0.58,0.3,shared_down,671
0.58,0.3,MMS_specific_down,123
0.58,0.3,MMS_specific_up,66
0.58,0.3,opposite_or_mixed,54
0.58,0.3,H2O2_specific_down,3
0.58,0.3,H2O2_specific_up,2
0.58,0.5,none,2126
0.58,0.5,ambiguous,1546
0.58,0.5,shared_up,800
0.58,0.5,shared_down,671
0.58,0.5,MMS_specific_down,277
0.58,0.5,MMS_specific_up,260
0.58,0.5,opposite_or_mixed,54
0.58,0.5,H2O2_specific_down,18
0.58,0.5,H2O2_specific_up,11
0.58,0.7,none,2126
0.58,0.7,ambiguous,1112
0.58,0.7,shared_up,800
0.58,0.7,shared_down,671
0.58,0.7,MMS_specific_up,489
0.58,0.7,MMS_specific_down,434
0.58,0.7,opposite_or_mixed,54
0.58,0.7,H2O2_specific_down,41
0.58,0.7,H2O2_specific_up,36
1.0,0.3,none,3625
1.0,0.3,ambiguous,1210
1.0,0.3,shared_up,415
1.0,0.3,shared_down,287
1.0,0.3,MMS_specific_down,122
1.0,0.3,MMS_specific_up,93
1.0,0.3,opposite_or_mixed,7
1.0,0.3,H2O2_specific_down,3
1.0,0.3,H2O2_specific_up,1
1.0,0.5,none,3625
1.0,0.5,ambiguous,953
1.0,0.5,shared_up,415
1.0,0.5,shared_down,287
1.0,0.5,MMS_specific_up,237
1.0,0.5,MMS_specific_down,226
1.0,0.5,H2O2_specific_down,8
1.0,0.5,opposite_or_mixed,7
1.0,0.5,H2O2_specific_up,5
1.0,0.7,none,3625
1.0,0.7,ambiguous,671
1.0,0.7,shared_up,415
1.0,0.7,MMS_specific_up,368
1.0,0.7,MMS_specific_down,360
1.0,0.7,shared_down,287
1.0,0.7,H2O2_specific_down,15
1.0,0.7,H2O2_specific_up,15
1.0,0.7,opposite_or_mixed,7
1.58,0.3,none,4650
1.58,0.3,ambiguous,749
1.58,0.3,shared_up,192
1.58,0.3,MMS_specific_down,77
1.58,0.3,shared_down,67
1.58,0.3,MMS_specific_up,26
1.58,0.3,opposite_or_mixed,1
1.58,0.3,H2O2_specific_down,1
1.58,0.5,none,4650
1.58,0.5,ambiguous,646
1.58,0.5,shared_up,192
1.58,0.5,MMS_specific_down,141
1.58,0.5,shared_down,67
1.58,0.5,MMS_specific_up,63
1.58,0.5,H2O2_specific_up,2
1.58,0.5,opposite_or_mixed,1
1.58,0.5,H2O2_specific_down,1
1.58,0.7,none,4650
1.58,0.7,ambiguous,479
1.58,0.7,MMS_specific_down,213
1.58,0.7,shared_up,192
1.58,0.7,MMS_specific_up,153
1.58,0.7,shared_down,67
1.58,0.7,H2O2_specific_up,7
1.58,0.7,opposite_or_mixed,1
1.58,0.7,H2O2_specific_down,1
