treatment,early_max_min,return_fraction,n_responsive,n_transient,n_sustained,share_transient
H2O2,30,0.3,793,395,223,0.498
H2O2,30,0.5,793,498,223,0.628
H2O2,30,0.7,793,551,223,0.695
H2O2,60,0.3,793,395,223,0.498
H2O2,60,0.5,793,498,223,0.628
H2O2,60,0.7,793,551,223,0.695
H2O2,100,0.3,793,395,223,0.498
H2O2,100,0.5,793,498,223,0.628
H2O2,100,0.7,793,551,223,0.695
MMS,30,0.3,2054,5,1939,0.002
MMS,30,0.5,2054,24,1939,0.012
MMS,30,0.7,2054,60,1939,0.029
MMS,60,0.3,2054,5,1939,0.002
MMS,60,0.5,2054,24,1939,0.012
MMS,60,0.7,2054,60,1939,0.029
MMS,100,0.3,2054,5,1939,0.002
MMS,100,0.5,2054,24,1939,0.012
MMS,100,0.7,2054,60,1939,0.029
