probe_id,rank,display_name,systematic_name,direction,peak_log2fc,peak_time_min,n_timepoints_above,pattern,in_ros_list,treatment
1771624_at,1,TSA2,YDR453C,up,7.649481124000001,100.0,5,early_sustained_up,True,H2O2
1770125_at,2,YDL218W,YDL218W,up,7.624138737,60.0,5,early_sustained_up,False,H2O2
1771078_at,3,FRM2,YCL026C-A,up,7.226007728000001,30.0,5,early_sustained_up,False,H2O2
1776865_at,4,YKL071W,YKL071W,up,7.125097407,60.0,5,early_sustained_up,False,H2O2
1773938_at,5,SRX1,YKL086W,up,7.007459959999999,30.0,4,early_transient_up,True,H2O2
1774511_at,6,AAD4,YDL243C,up,6.292103377999999,30.0,5,early_sustained_up,False,H2O2
1774354_at,7,DDR2,YOL052C-A,up,6.152639323,30.0,5,early_sustained_up,True,H2O2
1775331_at,8,OYE3,YPL171C,up,6.058244822,60.0,4,early_transient_up,True,H2O2
1776304_at,9,CTA1,YDR256C,up,5.781729097,30.0,3,early_transient_up,True,H2O2
1774540_at,10,SOL4,YGR248W,up,5.393350752,60.0,5,early_sustained_up,True,H2O2
1775810_at,11,YNL194C,YNL194C,up,5.108724875,60.0,5,early_sustained_up,False,H2O2
1770302_at,12,RTC3,YHR087W,up,5.103929772999999,60.0,5,early_sustained_up,False,H2O2
1769955_at,13,CTT1,YGR088W,up,5.051275292000001,60.0,5,early_sustained_up,True,H2O2
1779266_at,14,RTN2,YDL204W,up,4.998847726000001,60.0,5,early_sustained_up,False,H2O2
1775364_at,15,HSP30,YCR021C,up,4.932810671000001,30.0,3,early_transient_up,True,H2O2
1775147_at,16,YJR005C-A,YJR005C-A,up,4.794046991,60.0,4,early_transient_up,False,H2O2
1770538_at,17,ARR2,YPR200C,up,4.775349803,30.0,5,early_sustained_up,False,H2O2
1770767_at,18,AGX1,YFL030W,up,4.605444374,30.0,5,early_sustained_up,False,H2O2
1776285_at,19,PUT4,YOR348C,up,4.561196887,60.0,5,early_sustained_up,False,H2O2
1773315_at,20,AAD6,YFL056C,up,4.558840600000001,30.0,3,early_transient_up,False,H2O2
1777753_at,21,YER067W,YER067W,up,4.532240042,60.0,5,early_sustained_up,False,H2O2
1774500_at,22,ARR3,YPR201W,up,4.499729647999999,30.0,5,early_sustained_up,False,H2O2
1775976_at,23,HXK1,YFR053C,up,4.49215746,100.0,5,early_sustained_up,False,H2O2
1778040_at,24,ECM4,YKR076W,up,4.460872067,60.0,5,early_sustained_up,False,H2O2
1776528_at,25,GPM2,YDL021W,up,4.434147171999999,140.0,5,early_sustained_up,False,H2O2
1779613_at,26,GTT2,YLL060C,up,4.4267654919999995,30.0,4,early_transient_up,True,H2O2
1776829_at,27,HBN1,YCL026C-B,up,4.411757953,60.0,5,early_sustained_up,False,H2O2
1778218_at,28,TMA10,YLR327C,up,4.408200797999999,60.0,5,early_sustained_up,False,H2O2
1779850_at,29,GPH1,YPR160W,up,4.378472311000001,100.0,5,early_sustained_up,False,H2O2
1779946_at,30,AAH1,YNL141W,down,-4.336413476,60.0,4,early_transient_down,False,H2O2
1771153_at,31,LAP4,YKL103C,up,4.270588761000001,60.0,5,early_sustained_up,False,H2O2
1774756_at,32,TSL1,YML100W,up,4.253505218,60.0,5,early_sustained_up,True,H2O2
1772198_at,33,YCR102C,YCR102C,up,4.241160927,30.0,3,early_transient_up,False,H2O2
1778907_at,34,PGM2,YMR105C,up,4.239202105,60.0,5,early_sustained_up,False,H2O2
1779563_at,35,FMP16,YDR070C,up,4.223550576,60.0,5,early_sustained_up,False,H2O2
1772193_at,36,YLR297W,YLR297W,up,4.163541318000001,30.0,4,early_transient_up,False,H2O2
1775890_at,37,YMR090W,YMR090W,up,4.157874568,60.0,5,early_sustained_up,False,H2O2
1769544_at,38,YLR149C,YLR149C,up,4.130125587,60.0,5,early_sustained_up,False,H2O2
1779688_at,39,YLR164W,YLR164W,up,4.127307050999999,30.0,2,early_transient_up,False,H2O2
1774495_at,40,GAD1,YMR250W,up,4.057206701000001,60.0,5,early_sustained_up,False,H2O2
1772358_at,41,YKL070W,YKL070W,up,4.034572663,30.0,2,early_transient_up,False,H2O2
1779498_at,42,TFS1,YLR178C,up,3.941775786,60.0,5,early_sustained_up,False,H2O2
1772838_at,43,GCY1,YOR120W,up,3.914882727,60.0,5,early_sustained_up,False,H2O2
1776837_at,44,HUG1,YML058W-A,up,3.905668177000001,180.0,4,early_sustained_up,False,H2O2
1771340_at,45,BOP2,YLR267W,up,3.8827588760000005,60.0,5,early_sustained_up,False,H2O2
1779019_at,46,RIM4,YHL024W,up,3.866527444999999,60.0,5,early_sustained_up,False,H2O2
1774137_at,47,CYC7,YEL039C,up,3.823579809,60.0,5,early_sustained_up,True,H2O2
1775014_at,48,MSC1,YML128C,up,3.7904168610000006,60.0,5,early_sustained_up,False,H2O2
1775066_at,49,DCS2,YOR173W,up,3.7493162379999996,60.0,5,early_sustained_up,False,H2O2
1772447_at,50,SYM1,YLR251W,up,3.6881359640000007,60.0,5,early_sustained_up,False,H2O2
1772062_s_at,1,DDI2 /// DDI3,YFL061W,up,7.6785637200000005,180.0,5,early_sustained_up,False,MMS
1776865_at,2,YKL071W,YKL071W,up,7.093117566999999,140.0,5,early_sustained_up,False,MMS
1775697_at,3,YNR064C,YNR064C,up,6.8423272189999995,140.0,5,early_sustained_up,False,MMS
1775810_at,4,YNL194C,YNL194C,up,6.703374891999999,140.0,5,early_sustained_up,False,MMS
1773938_at,5,SRX1,YKL086W,up,6.601798637000001,60.0,5,early_sustained_up,True,MMS
1771624_at,6,TSA2,YDR453C,up,6.578124098,100.0,5,early_sustained_up,True,MMS
1770302_at,7,RTC3,YHR087W,up,6.410036883999999,140.0,5,early_sustained_up,False,MMS
1775147_at,8,YJR005C-A,YJR005C-A,up,6.394462851,180.0,5,early_sustained_up,False,MMS
1774511_at,9,AAD4,YDL243C,up,6.33100864,180.0,5,early_sustained_up,False,MMS
1774540_at,10,SOL4,YGR248W,up,6.144632981999999,140.0,5,early_sustained_up,True,MMS
1775331_at,11,OYE3,YPL171C,up,6.09506091,180.0,5,early_sustained_up,True,MMS
1771078_at,12,FRM2,YCL026C-A,up,6.05011645,60.0,5,early_sustained_up,False,MMS
1779563_at,13,FMP16,YDR070C,up,6.009600843,140.0,4,early_sustained_up,False,MMS
1771340_at,14,BOP2,YLR267W,up,5.877052752,180.0,5,early_sustained_up,False,MMS
1779850_at,15,GPH1,YPR160W,up,5.787749802,140.0,4,early_sustained_up,False,MMS
1774354_at,16,DDR2,YOL052C-A,up,5.6488224240000005,100.0,5,early_sustained_up,True,MMS
1777922_at,17,YNL300W,YNL300W,down,-5.6470831519999996,140.0,4,early_sustained_down,False,MMS
1773889_at,18,YOL131W,YOL131W,up,5.631404509999999,180.0,4,early_sustained_up,False,MMS
1775340_at,19,UGX2,YDL169C,up,5.466618971,180.0,5,early_sustained_up,False,MMS
1771499_at,20,CYB5,YNL111C,down,-5.447792029,180.0,5,early_sustained_down,False,MMS
1779498_at,21,TFS1,YLR178C,up,5.4036342070000005,140.0,5,early_sustained_up,False,MMS
1773315_at,22,AAD6,YFL056C,up,5.3636001349999995,180.0,5,early_sustained_up,False,MMS
1778907_at,23,PGM2,YMR105C,up,5.259413693,140.0,5,early_sustained_up,False,MMS
1775014_at,24,MSC1,YML128C,up,5.202100005999999,180.0,5,early_sustained_up,False,MMS
1775626_at,25,URA7,YBL039C,down,-5.200219800999999,140.0,4,early_sustained_down,False,MMS
1775066_at,26,DCS2,YOR173W,up,5.191194600999999,140.0,4,early_sustained_up,False,MMS
1777753_at,27,YER067W,YER067W,up,5.186716175,100.0,5,early_sustained_up,False,MMS
1779615_at,28,PHO3,YBR092C,down,-5.152185834,180.0,4,early_sustained_down,False,MMS
1771951_at,29,YJL144W,YJL144W,up,5.1445920670000005,180.0,5,early_sustained_up,False,MMS
1771153_at,30,LAP4,YKL103C,up,5.130118445999999,100.0,5,early_sustained_up,False,MMS
1769544_at,31,YLR149C,YLR149C,up,5.078757913,140.0,5,early_sustained_up,False,MMS
1778218_at,32,TMA10,YLR327C,up,4.985486858999999,100.0,4,early_sustained_up,False,MMS
1779645_at,33,DBP2,YNL112W,down,-4.976009612,180.0,4,early_sustained_down,False,MMS
1778063_at,34,NOG1,YPL093W,down,-4.919420932,100.0,5,early_sustained_down,False,MMS
1779613_at,35,GTT2,YLL060C,up,4.86572011,180.0,5,early_sustained_up,True,MMS
1778735_at,36,YGR035C,YGR035C,down,-4.795080313,100.0,5,early_sustained_down,False,MMS
1779506_at,37,UTR2,YEL040W,down,-4.787313353999999,180.0,4,early_sustained_down,False,MMS
1777376_at,38,PTR2,YKR093W,down,-4.780304104,180.0,4,early_sustained_down,False,MMS
1774756_at,39,TSL1,YML100W,up,4.738298438,100.0,5,early_sustained_up,True,MMS
1772817_at,40,NSR1,YGR159C,down,-4.727088465,100.0,4,early_sustained_down,False,MMS
1779266_at,41,RTN2,YDL204W,up,4.705888707,100.0,5,early_sustained_up,False,MMS
1778040_at,42,ECM4,YKR076W,up,4.683154647999999,100.0,5,early_sustained_up,False,MMS
1772838_at,43,GCY1,YOR120W,up,4.640998742,180.0,5,early_sustained_up,False,MMS
1776528_at,44,GPM2,YDL021W,up,4.619397185,140.0,4,early_sustained_up,False,MMS
1770780_at,45,SRO9,YCL037C,down,-4.60759994,140.0,5,early_sustained_down,False,MMS
1774495_at,46,GAD1,YMR250W,up,4.578468507999999,140.0,5,early_sustained_up,False,MMS
1773828_at,47,SUN4,YNL066W,down,-4.5773118340000005,180.0,4,early_sustained_down,False,MMS
1779754_at,48,HSP12,YFL014W,up,4.571468921000001,180.0,4,early_sustained_up,True,MMS
1779946_at,49,AAH1,YNL141W,down,-4.556191725000001,140.0,4,early_sustained_down,False,MMS
1772556_at,50,PIR1,YKL164C,down,-4.543849880000001,180.0,3,late_sustained_down,False,MMS
