probe_id,display_name,gene_symbol,systematic_name,organism,log2fc_H2O2_30min,log2fc_H2O2_60min,log2fc_H2O2_100min,log2fc_H2O2_140min,log2fc_H2O2_180min,max_abs_log2fc_H2O2,log2fc_MMS_30min,log2fc_MMS_60min,log2fc_MMS_100min,log2fc_MMS_140min,log2fc_MMS_180min,max_abs_log2fc_MMS
AFFX-18srRnaa_at,,,,Saccharomyces cerevisiae,0.8788465969999999,-0.20832928000000006,-0.42843915300000024,0.19177980999999988,1.1120489559999998,1.1120489559999998,-0.5242993089999999,-1.3927493369999988,-2.749366298999999,-0.8222881379999993,-1.8954472279999992,2.749366298999999
AFFX-18srRnab_at,,,,Saccharomyces cerevisiae,0.3835375059999997,-0.360319928,-0.22164297100000052,0.0035138819999991355,0.6839798959999994,0.6839798959999994,-0.0672628539999991,-0.5281605579999997,-1.688338741,-0.09336563199999937,-0.9161162899999997,1.688338741
AFFX-18srRnac_at,,,,Saccharomyces cerevisiae,0.7786816090000004,0.06800412100000042,-0.2119967850000002,0.28582717499999966,1.1460611710000004,1.1460611710000004,-0.18218955999999942,-0.3091367899999993,-1.576462136,-0.13201019399999936,-0.8673324109999996,1.576462136
AFFX-18srRnad_at,,,,Saccharomyces cerevisiae,0.20868023800000035,-0.0554955709999998,-0.21987308900000002,-0.07156004999999954,0.6405036710000003,0.6405036710000003,0.3994044670000001,0.07146847600000061,-0.9047122919999993,-0.0747060209999999,-0.21283902099999974,0.9047122919999993
AFFX-18srRnae_at,,,,Saccharomyces cerevisiae,0.1136372790000002,-0.011653126000000125,-0.1500696800000001,0.14228693700000017,0.14358786300000004,0.1500696800000001,-0.05188581499999989,0.18886784099999998,-0.47104997299999996,-0.07044782500000002,-0.158953538,0.47104997299999996
AFFX-25srRnaa_at,,,,Saccharomyces cerevisiae,0.6861469349999991,0.3035625229999992,-0.0024239460000003987,0.5511791209999997,1.5388584520000004,1.5388584520000004,0.023912811000000644,-0.15328778900000017,-1.4293023569999992,0.0991975630000006,-0.32505451199999946,1.4293023569999992
AFFX-25srRnab_at,,,,Saccharomyces cerevisiae,0.3352049669999997,0.10962677499999973,0.03412965699999981,0.17435684799999995,0.6387386799999999,0.6387386799999999,-0.15624304199999983,-0.08970894800000018,-0.9639224770000001,-0.024318061000000668,-0.2903825590000002,0.9639224770000001
AFFX-25srRnac_at,,,,Saccharomyces cerevisiae,-0.02422175900000001,0.06219770499999999,0.03912554499999965,0.0,0.20738123099999983,0.20738123099999983,-0.26580737899999995,-0.2337238290000001,-0.8348233600000001,-0.28971954199999983,-0.41731609599999997,0.8348233600000001
AFFX-25srRnad_at,,,,Saccharomyces cerevisiae,0.8125462700000003,0.1414460580000001,0.316083404,0.611990993,1.1630330320000004,1.1630330320000004,-0.28787043999999984,-0.5591060189999997,-1.9801373779999998,-0.9370085779999995,-1.1732804659999996,1.9801373779999998
AFFX-25srRnae_at,,,,Saccharomyces cerevisiae,1.328176783,0.20985047499999965,-0.26577848900000056,-0.046753046000000076,1.0569764470000003,1.328176783,0.3258601849999998,-0.2451870490000001,-2.297408302999999,-1.1906234429999998,-1.8949043629999993,2.297408302999999
AFFX-CreX-3_at,,,,,0.21944377999999887,-0.014526080000001329,0.06259725999999866,0.14794766999999887,0.047885459999999824,0.21944377999999887,0.14135265999999902,0.3354595199999988,-0.07167255000000061,0.1078485399999991,0.24647130999999867,0.3354595199999988
AFFX-CreX-5_at,,,,,0.22512035000000097,-0.02233962999999939,0.014255439999999453,0.22073454000000048,0.06237321000000051,0.22512035000000097,0.13727494000000107,0.32203454000000065,-0.13652920000000002,0.04719320999999965,0.23341897999999972,0.32203454000000065
AFFX-r2-P1-cre-3_at,,,,,0.08435740999999908,-0.034631389999999485,0.01760441000000057,0.14118277000000035,0.0542225399999996,0.14118277000000035,0.13036181000000013,0.29069866000000033,-0.14652702999999967,0.11389036000000097,0.23313678999999965,0.29069866000000033
AFFX-r2-P1-cre-5_at,,,,,0.07633833000000045,-0.06405831999999911,-0.010823520000000642,0.09367338000000025,0.01179111000000077,0.09367338000000025,0.13653380000000048,0.2730866899999995,-0.027108769999999893,0.15980339999999948,0.29159671999999937,0.29159671999999937
AFFX-r2-Sc-18SrRNA-3_at,,,,Saccharomyces cerevisiae,-0.11483134099999992,-0.11704007500000024,-0.24705462200000028,0.1233067029999999,0.4301119569999998,0.4301119569999998,-0.15769818199999985,-0.41163327299999963,-1.0529722609999999,-0.007379228999999654,-0.7926407629999996,1.0529722609999999
AFFX-r2-Sc-18SrRNA-5_at,,,,Saccharomyces cerevisiae,0.4489997999999993,-0.1878887149999997,-0.11990306200000056,0.2340404300000003,0.8808694900000003,0.8808694900000003,-0.26368457299999903,-0.7099243309999999,-1.7809307349999992,-0.46216460700000006,-0.9169030859999996,1.7809307349999992
AFFX-r2-Sc-25SrRNA-3_at,,,,Saccharomyces cerevisiae,1.3090009839999999,0.3062003999999998,-0.21060037000000076,-0.18820110100000065,0.7410313039999998,1.3090009839999999,0.21123619000000105,-0.5124688199999996,-2.3629088109999996,-1.3201618549999994,-2.046964243999999,2.3629088109999996
AFFX-r2-Sc-25SrRNA-5_at,,,,Saccharomyces cerevisiae,1.0049208950000001,0.5099887320000005,0.6032511480000005,0.4624105909999998,1.5124688540000002,1.5124688540000002,-0.44477005499999933,-0.672767532,-1.5479897709999997,-1.0213942429999996,-0.9528652439999998,1.5479897709999997
AFFX-r2-Sc-25SrRNA-M_at,,,,Saccharomyces cerevisiae,0.4532933519999993,0.08397011699999979,-0.0493347110000002,0.391859384,1.7323634229999998,1.7323634229999998,-0.283634803,-0.20426593599999965,-1.7636663179999994,-0.7194286269999992,-1.229242255,1.7636663179999994
AFFX-r2-Sc-5.8SrRNA_at,,,,Saccharomyces cerevisiae,0.678755937,-0.08355872399999953,-0.7664827370000005,-0.36193926600000026,0.12164719399999946,0.7664827370000005,0.6401800899999994,0.07173923000000038,-1.0727969900000005,-0.9863970389999999,-1.2451893750000007,1.2451893750000007
AFFX-r2-Sc-ACT1-3_at,,,,Saccharomyces cerevisiae,0.04808844000000079,0.06769250000000149,0.1149378400000014,0.14042521000000008,0.013832750000000615,0.14042521000000008,-0.012769650000000965,0.0612174999999997,0.1327964399999999,0.15236078999999947,0.0787677200000001,0.15236078999999947
AFFX-r2-Sc-ACT1-5_at,,,,Saccharomyces cerevisiae,-0.022787869999998378,0.030855960000000238,0.08491308000000153,0.06401857,0.04530710000000049,0.08491308000000153,-0.09856692999999872,-0.17119877000000017,-0.17249327999999942,-0.12271638999999901,-0.3161221199999993,0.3161221199999993
AFFX-r2-Sc-ACT1-M_at,,,,Saccharomyces cerevisiae,0.03666782999999896,0.07427848999999931,0.11510168999999948,0.0783763499999992,0.02092850999999918,0.11510168999999948,-0.03968348000000077,-0.05008778000000014,0.060905670000000356,0.052530009999999905,-0.01240323000000032,0.060905670000000356
AFFX-r2-Sc-EAF5-3_at,,,,Saccharomyces cerevisiae,-0.7543279629999997,-0.8877339989999999,-0.9045643930000011,-0.7516361910000011,-0.6076369140000004,0.9045643930000011,-0.21853308500000068,-0.4272533660000004,-0.6633407899999995,-0.572047018000001,-0.5747858370000003,0.6633407899999995
AFFX-r2-Sc-EAF5-5_at,,,,Saccharomyces cerevisiae,-0.543289584,-0.6644262799999998,-0.9828117889999994,-0.823792836,-0.5692940989999995,0.9828117889999994,-0.24653699000000007,-0.4594762929999998,-0.6386848810000005,-0.8366946359999998,-0.8401521470000004,0.8401521470000004
AFFX-r2-Sc-EAF5-M_at,,,,Saccharomyces cerevisiae,-0.5940429639999998,-0.7112361599999986,-0.9269231079999987,-0.7124927359999997,-0.5902413209999988,0.9269231079999987,-0.3559323879999994,-0.5826846789999998,-0.919517170999999,-0.9483273089999997,-1.013208336,1.013208336
AFFX-r2-Sc-RIP1-3_at,,,,Saccharomyces cerevisiae,-0.18875863999999964,0.28660473000000053,0.5840388799999996,0.615692450000001,0.5993233900000003,0.615692450000001,-0.9844381270000007,-1.5469394380000008,-1.0609269680000004,-0.9719129809999991,-0.9919247359999996,1.5469394380000008
AFFX-r2-Sc-RIP1-5_at,,,,Saccharomyces cerevisiae,-0.0701259899999993,0.3592032189999994,0.5931396489999994,0.6218598489999998,0.6581168989999995,0.6581168989999995,-1.28741868,-1.7218930639999996,-1.2488968759999999,-1.1431314130000008,-1.3102672299999991,1.7218930639999996
AFFX-r2-Sc-RIP1-M_at,,,,Saccharomyces cerevisiae,-0.08712427999999939,0.28163978999999983,0.6033956499999995,0.616184070000001,0.6442073600000011,0.6442073600000011,-1.106441942,-1.7201772490000007,-1.251987981000001,-1.086305577000001,-1.2822554240000006,1.7201772490000007
AFFX-r2-Sc-SPT15-3_at,,,,Saccharomyces cerevisiae,0.20632587000000058,-0.21078921999999878,-0.34004099999999937,-0.3701346499999989,-0.27328417000000016,0.3701346499999989,-0.06903108000000024,-0.12721834000000065,-0.48149981000000075,-0.5289623199999998,-0.25496732000000044,0.5289623199999998
AFFX-r2-Sc-SPT15-5_at,,,,Saccharomyces cerevisiae,0.3168302700000005,-0.33336392000000004,-0.5480270889999996,-0.533541682000001,-0.32305385000000086,0.5480270889999996,-0.39041830000000033,-0.5528893630000002,-1.0116505170000014,-1.1788193790000001,-0.8494514200000012,1.1788193790000001
AFFX-r2-Sc-SPT15-M_at,,,,Saccharomyces cerevisiae,0.22485147999999988,-0.16094398000000076,-0.38594656999999977,-0.38209613000000076,-0.1753191600000008,0.38594656999999977,-0.19175790999999975,-0.3399392999999993,-0.6993507599999997,-0.87511501,-0.6184326699999989,0.87511501
AFFX-r2-Sc-SRB4-3_at,,,,Saccharomyces cerevisiae,0.010339287000000752,-0.17987536999999953,-0.10959868499999992,-0.1556531880000005,-0.14895250000000004,0.17987536999999953,0.21946308499999923,0.6664028759999994,0.8619988149999998,1.0125112099999996,0.7086163980000002,1.0125112099999996
AFFX-r2-Sc-SRB4-5_at,,,,Saccharomyces cerevisiae,-0.5446370409999997,-0.3986642069999995,-0.9841029809999995,-0.46941933399999947,-0.38022369599999983,0.9841029809999995,-0.6556830510000005,-0.16310721299999997,-0.2934876990000008,-0.05878791400000072,-0.32550784400000055,0.6556830510000005
AFFX-r2-Sc-SRB4-M_at,,,,Saccharomyces cerevisiae,-0.21240072099999985,-0.20002188399999987,-0.4760686500000002,-0.3672316300000009,-0.27056280600000093,0.4760686500000002,-0.21200506299999944,0.1720537560000004,0.19961822600000012,0.460594446,0.1721088850000001,0.460594446
AFFX-r2-Sc-TDH1-3_at,,,,Saccharomyces cerevisiae,2.0572816599999992,2.2005805800000005,2.3241306700000006,2.3286807599999992,2.1864879399999992,2.3286807599999992,1.1314618999999997,1.8562632200000007,2.2393600199999995,2.38003271,2.446333730000001,2.446333730000001
AFFX-r2-Sc-TDH1-5_at,,,,Saccharomyces cerevisiae,2.3433900669999996,2.6257709069999997,2.7502541370000007,2.727052877,2.6152233670000005,2.7502541370000007,0.9699560859999998,1.8278908460000007,2.137475016,2.430151896,2.4373538460000006,2.4373538460000006
AFFX-r2-Sc-TDH1-M_at,,,,Saccharomyces cerevisiae,3.1078052010000006,3.3661210709999994,3.573543871000001,3.3794402010000004,3.313025831,3.573543871000001,1.135883369,1.9671970319999996,2.573073601000001,2.7236324409999995,2.9417569110000006,2.9417569110000006
AFFX-r2-Sc-TDH1-M_s_at,,,,Saccharomyces cerevisiae,0.051851960000000474,0.023892110000000244,0.11009226000000005,0.09085304999999977,0.03632776000000071,0.11009226000000005,0.042322919999998376,0.05487485999999997,0.13058556999999915,0.08894874999999836,0.1468909699999994,0.1468909699999994
AFFX-r2-Sc-URA3-3_at,,,,Saccharomyces cerevisiae,-0.5269280509999996,-0.2428433779999999,-0.10879858999999925,0.3138838640000001,0.5674798000000001,0.5674798000000001,-0.29457995000000015,-0.5106636670000002,-0.21409899400000043,-0.2511156200000002,-0.22434906700000035,0.5106636670000002
AFFX-r2-Sc-URA3-5_at,,,,Saccharomyces cerevisiae,0.085879276,-0.1907734190000001,0.010113694000000173,0.19753359899999978,0.1069325430000001,0.19753359899999978,-0.12589219100000015,-0.411929024,-0.23924987699999978,-0.51846237,-0.020603523000000123,0.51846237
AFFX-r2-Sc-URA3-M_at,,,,Saccharomyces cerevisiae,-0.5509981980000003,-0.12960740400000015,0.15421919699999975,0.16307523800000023,0.35865375499999974,0.5509981980000003,-0.587414544,0.016242250000000347,-0.5870476620000002,-0.3384877570000002,-0.4542466329999999,0.587414544
AFFX-r2-Sc-WBP1-3_at,,,,Saccharomyces cerevisiae,-0.06651319000000022,-0.08062879000000045,-0.05005283999999932,0.03848194999999954,-0.05300437000000002,0.08062879000000045,-0.018216040000000433,-0.011643969999999726,0.02003672999999928,0.10667895999999999,-0.12165915000000105,0.12165915000000105
AFFX-r2-Sc-WBP1-5_at,,,,Saccharomyces cerevisiae,-0.10719188999999929,-0.008054959999999056,0.09346552999999957,-0.00930012999999974,-0.05467224999999942,0.10719188999999929,-0.4427374299999993,-0.5663682699999999,-0.6954425000000004,-0.6186711200000001,-0.6531702799999994,0.6954425000000004
AFFX-r2-Sc-WBP1-M_at,,,,Saccharomyces cerevisiae,-0.02326026999999975,0.02784723999999983,0.14912063000000053,0.12024630999999886,0.0433882600000004,0.14912063000000053,-0.23182481000000088,-0.24475100999999988,-0.2789543200000004,-0.1708943999999999,-0.35496069999999946,0.35496069999999946
AFFX-r2-Sc18SrRNA-M_at,,,,Saccharomyces cerevisiae,0.4264915509999998,0.0864472850000002,-0.04812614699999962,0.37989614900000035,1.342973646,1.342973646,-0.1292703580000003,-0.22135600400000044,-1.509161238,0.30509739599999985,-0.8146391900000003,1.509161238
AFFX-r2-TagA_at,,,,,0.0018041649999998022,-0.05964252500000011,-0.0679371940000002,-0.2521041420000003,-0.14769361700000028,0.2521041420000003,0.269830657,-0.092301301,-0.1799426860000004,-0.2622515230000002,-0.2976437220000001,0.2976437220000001
AFFX-r2-TagB_at,,,,,0.08987095099999998,-0.006172223000000088,0.02584383800000012,0.04987931400000001,-0.05710826700000027,0.08987095099999998,-0.08071740800000038,-0.1887287080000002,0.24022063999999999,-0.061469807000000376,-0.09365091100000011,0.24022063999999999
AFFX-r2-TagC_at,,,,,0.22455764600000006,0.20710453799999984,0.26409116499999996,0.08608741600000025,0.21089940500000015,0.26409116499999996,0.30019602700000014,0.22539557499999985,0.03233849900000019,0.14637291799999996,0.23941457700000024,0.30019602700000014
AFFX-r2-TagD_at,,,,,-0.303226778,0.07686919700000017,0.03914983400000027,0.08563005300000004,0.04981872799999998,0.303226778,-0.34626322200000015,-0.21653354300000016,-0.379057848,-0.10584760199999987,-0.1902855859999999,0.379057848
AFFX-r2-TagE_at,,,,,-0.15804916299999983,-0.07073614799999994,-0.20349169300000014,0.09906788600000027,-0.09496320899999988,0.20349169300000014,0.019213877000000323,0.0963789020000001,0.19013443100000016,0.047863992999999994,-0.16831916899999966,0.19013443100000016
AFFX-r2-TagF_at,,,,,0.11325505999999974,0.17170292399999987,-0.13649280399999997,-0.05268702900000033,0.08539020899999983,0.17170292399999987,-0.5371199519999998,-0.45944637600000027,-0.3751018209999999,-0.35570124199999986,-0.48345981000000027,0.5371199519999998
AFFX-r2-TagG_at,,,,,0.022864119000000294,-0.3005464149999999,-0.30355364399999996,0.26899700100000024,-0.3880751299999998,0.3880751299999998,0.3035502130000003,-0.006866327999999644,0.2493619250000001,0.11624956200000014,0.05341761000000034,0.3035502130000003
AFFX-r2-TagH_at,,,,,0.191788619,0.38126160900000006,-0.10055015799999989,0.0441060929999999,-0.03126029600000013,0.38126160900000006,-0.259936395,-0.5812445050000004,-0.6363496410000002,-0.4846158140000001,-0.6509003959999999,0.6509003959999999
AFFX-r2-TagIN-3_at,,,,,-0.026033275000000078,-0.03650384800000017,-0.13694048500000022,-0.345317643,-0.36061514400000005,0.36061514400000005,0.028854490999999705,-0.18747521899999997,-0.296838481,-0.3783547020000002,0.23758607799999965,0.3783547020000002
AFFX-r2-TagIN-5_at,,,,,-0.2185064299999997,-0.10897921300000002,0.01890666100000038,-0.034819258999999825,-0.3054952519999996,0.3054952519999996,0.05364554099999985,0.10857074900000008,0.10685661099999999,0.12889139799999993,-0.09409694700000015,0.12889139799999993
AFFX-r2-TagIN-M_at,,,,,0.166644915,0.0886198389999997,0.07602120599999962,0.042679578999999634,-0.020072882000000014,0.166644915,0.5113102070000002,0.5927175660000001,0.6559200129999998,0.657062415,0.46805563699999997,0.657062415
AFFX-r2-TagJ-3_at,,,,,-0.1559925149999999,-0.1099698899999999,-0.0701981629999997,-0.30376752000000007,-0.40233912299999997,0.40233912299999997,0.07033321999999975,-0.03706747500000018,-0.2495123180000003,-0.054398074000000296,-0.08229702400000027,0.2495123180000003
AFFX-r2-TagJ-5_at,,,,,-0.186185579,-0.19511584799999993,-0.31461677900000007,-0.2107523699999998,-0.2162751209999998,0.31461677900000007,-0.0849618470000002,0.21515513099999994,0.02224941299999994,-0.150419077,-0.12480345700000006,0.21515513099999994
AFFX-r2-TagO-3_at,,,,,0.028602621999999744,0.02534879599999984,0.06156945899999977,-0.21044364300000007,-0.32208227800000033,0.32208227800000033,0.062451991000000096,0.011410446999999824,-0.07964234800000014,0.042260490999999956,0.07703000400000004,0.07964234800000014
AFFX-r2-TagO-5_at,,,,,-0.2754514160000001,0.12672871000000008,-0.18975969699999995,-0.40572731399999995,-0.21230491499999982,0.40572731399999995,-0.20020246900000016,-0.03212550500000022,-0.35289776800000006,-0.40684606400000023,-0.2628226229999999,0.40684606400000023
AFFX-r2-TagQ-3_at,,,,,-0.10493255700000015,-0.11211999199999978,-0.13250091600000014,0.06529148800000018,-0.05271404199999985,0.13250091600000014,0.34928827400000007,0.54274136,0.3161013509999999,-0.3182283039999998,0.24472840200000023,0.54274136
AFFX-r2-TagQ-5_at,,,,,0.21760914399999987,0.11937773000000007,0.1707269629999999,0.20913891000000007,0.11937773000000007,0.21760914399999987,0.02257642500000001,0.008168470999999844,-0.016706196999999978,-0.16959782200000006,0.07807660699999985,0.16959782200000006
AFFX-Scv2-r2-P1-cre-3_s_at,,,,,0.1629472199999995,-0.0047789900000001495,0.04623850000000118,0.14185231999999992,0.05872408000000107,0.1629472199999995,0.17037962999999934,0.3465029099999999,0.027391619999999506,0.15376204000000016,0.2992387000000001,0.3465029099999999
AFFX-Scv2-r2-P1-cre-5_s_at,,,,,0.1841004299999991,-0.04738751000000008,0.005050009999999716,0.22566063000000014,0.03587068000000038,0.22566063000000014,0.20280759000000081,0.41031326000000057,-0.001257770000000491,0.25177036999999913,0.39414075000000004,0.41031326000000057
AFFX-YER022w3_at,,,,Saccharomyces cerevisiae,-0.00870979300000041,-0.056286473000000115,-0.03289997700000047,-0.08171206700000067,-0.018064546000000625,0.08171206700000067,0.31865374500000065,0.6941117959999996,1.032379293,1.122549696,1.0668528310000003,1.122549696
AFFX-YER022w5_at,,,,Saccharomyces cerevisiae,-0.2577946769999997,-0.1601705529999995,-0.5515715449999998,-0.31404267699999977,-0.23646454599999966,0.5515715449999998,-0.6622729949999995,-0.38609748200000027,-0.4839363959999998,-0.37240037000000026,-0.7234685569999995,0.7234685569999995
AFFX-YER022wM_at,,,,Saccharomyces cerevisiae,-0.22175841299999988,-0.22484293099999952,-0.33926819399999975,-0.27298383099999946,-0.23447842299999966,0.33926819399999975,-0.2127997239999999,0.19631690399999968,0.2163393779999998,0.411146671,0.08294963699999958,0.411146671
AFFX-YER148w3_at,,,,Saccharomyces cerevisiae,0.26922922999999876,-0.1542597100000016,-0.38711141000000104,-0.38960430000000024,-0.23644868000000052,0.38960430000000024,-0.06525721999999945,-0.18207400000000007,-0.6018615700000005,-0.6257450300000009,-0.3133542000000009,0.6257450300000009
AFFX-YER148w5_at,,,,Saccharomyces cerevisiae,0.28584285800000053,-0.34775645499999897,-0.6560454169999996,-0.6350862839999998,-0.42472251899999947,0.6560454169999996,-0.3227086539999995,-0.5632105650000003,-1.0432105089999997,-1.0883981299999999,-0.7930926340000006,1.0883981299999999
AFFX-YER148wM_at,,,,Saccharomyces cerevisiae,0.22273557999999838,-0.2635716600000002,-0.53858724,-0.4853180100000003,-0.2782403800000015,0.53858724,-0.20137236000000058,-0.3615140399999994,-0.7843985300000007,-0.8238575699999995,-0.6327039600000006,0.8238575699999995
AFFX-YFL039C3_at,,,,Saccharomyces cerevisiae,0.06816681000000102,0.07897622000000126,0.1216034600000011,0.09515267999999999,0.04060826999999989,0.1216034600000011,-0.003856239999999289,0.008896510000001356,0.07950096999999978,0.05380521000000016,0.04838439000000072,0.07950096999999978
AFFX-YFL039C5_at,,,,Saccharomyces cerevisiae,-0.010628770000000287,0.0379614299999993,0.07841658000000074,0.06843555000000023,0.028886739999999023,0.07841658000000074,-0.16482793999999856,-0.268103,-0.2795594999999995,-0.2826139999999988,-0.37917996999999914,0.37917996999999914
AFFX-YFL039CM_at,,,,Saccharomyces cerevisiae,0.045147719999999225,0.05441179999999868,0.12213332999999871,0.09904371999999917,0.054245449999999806,0.12213332999999871,-0.061441250000001446,-0.13599278000000048,-0.17236772000000045,-0.23713823000000112,-0.20222397000000036,0.23713823000000112
