probe_id,display_name,gene_symbol,systematic_name,H2O2_responsive,H2O2_up,H2O2_down,H2O2_direction,H2O2_n_timepoints_above,H2O2_max_log2fc,H2O2_min_log2fc,H2O2_peak_log2fc,H2O2_peak_time_min,MMS_responsive,MMS_up,MMS_down,MMS_direction,MMS_n_timepoints_above,MMS_max_log2fc,MMS_min_log2fc,MMS_peak_log2fc,MMS_peak_time_min,comparison_H2O2_vs_MMS
1772062_s_at,DDI2 /// DDI3,DDI2 /// DDI3,YFL061W,True,True,False,up,4,1.4011383940000002,0.3276406070000002,1.4011383940000002,100.0,True,True,False,up,5,7.6785637200000005,5.92792681,7.6785637200000005,180.0,both_up
1776865_at,YKL071W,,YKL071W,True,True,False,up,5,7.125097407,1.4109042910000005,7.125097407,60.0,True,True,False,up,5,7.093117566999999,5.232989847,7.093117566999999,140.0,both_up
1775697_at,YNR064C,,YNR064C,True,True,False,up,2,1.2129512730000003,0.09696003899999983,1.2129512730000003,140.0,True,True,False,up,5,6.8423272189999995,3.4487769050000003,6.8423272189999995,140.0,both_up
1775810_at,YNL194C,,YNL194C,True,True,False,up,5,5.108724875,2.0610893519999998,5.108724875,60.0,True,True,False,up,5,6.703374891999999,2.1114065399999995,6.703374891999999,140.0,both_up
1773938_at,SRX1,SRX1,YKL086W,True,True,False,up,4,7.007459959999999,0.14156486500000032,7.007459959999999,30.0,True,True,False,up,5,6.601798637000001,5.417823267,6.601798637000001,60.0,both_up
1771624_at,TSA2,TSA2,YDR453C,True,True,False,up,5,7.649481124000001,6.848747244,7.649481124000001,100.0,True,True,False,up,5,6.578124098,3.999515668000001,6.578124098,100.0,both_up
1770302_at,RTC3,RTC3,YHR087W,True,True,False,up,5,5.103929772999999,2.993088987,5.103929772999999,60.0,True,True,False,up,5,6.410036883999999,2.919524890999999,6.410036883999999,140.0,both_up
1775147_at,YJR005C-A,,YJR005C-A,True,True,False,up,4,4.794046991,0.943013578,4.794046991,60.0,True,True,False,up,5,6.394462851,2.4646392500000003,6.394462851,180.0,both_up
1774511_at,AAD4,AAD4,YDL243C,True,True,False,up,5,6.292103377999999,1.1165679380000002,6.292103377999999,30.0,True,True,False,up,5,6.33100864,5.296231710000001,6.33100864,180.0,both_up
1774540_at,SOL4,SOL4,YGR248W,True,True,False,up,5,5.393350752,3.598627347999999,5.393350752,60.0,True,True,False,up,5,6.144632981999999,1.6666101509999995,6.144632981999999,140.0,both_up
1775331_at,OYE3,OYE3,YPL171C,True,True,False,up,4,6.058244822,0.3213830230000001,6.058244822,60.0,True,True,False,up,5,6.09506091,4.8786703000000005,6.09506091,180.0,both_up
1771078_at,FRM2,FRM2,YCL026C-A,True,True,False,up,5,7.226007728000001,2.2551356499999997,7.226007728000001,30.0,True,True,False,up,5,6.05011645,2.905385987,6.05011645,60.0,both_up
1779563_at,FMP16,FMP16,YDR070C,True,True,False,up,5,4.223550576,2.3126494870000007,4.223550576,60.0,True,True,False,up,4,6.009600843,0.8480608819999995,6.009600843,140.0,both_up
1771340_at,BOP2,BOP2,YLR267W,True,True,False,up,5,3.8827588760000005,2.3249851169999998,3.8827588760000005,60.0,True,True,False,up,5,5.877052752,3.813566805,5.877052752,180.0,both_up
1779850_at,GPH1,GPH1,YPR160W,True,True,False,up,5,4.378472311000001,1.79102096,4.378472311000001,100.0,True,True,False,up,4,5.787749802,0.6218649949999993,5.787749802,140.0,both_up
1774354_at,DDR2,DDR2,YOL052C-A,True,True,False,up,5,6.152639323,4.004238032999999,6.152639323,30.0,True,True,False,up,5,5.6488224240000005,3.1212211960000005,5.6488224240000005,100.0,both_up
1773889_at,YOL131W,,YOL131W,True,True,False,up,3,2.395585613,-0.20647511600000001,2.395585613,100.0,True,True,False,up,4,5.631404509999999,0.2657362350000003,5.631404509999999,180.0,both_up
1775340_at,UGX2,UGX2,YDL169C,True,True,False,up,5,3.3671927409999993,1.8935424750000003,3.3671927409999993,60.0,True,True,False,up,5,5.466618971,1.1761062119999997,5.466618971,180.0,both_up
1779498_at,TFS1,TFS1,YLR178C,True,True,False,up,5,3.941775786,2.115710357,3.941775786,60.0,True,True,False,up,5,5.4036342070000005,1.1467607089999996,5.4036342070000005,140.0,both_up
1773315_at,AAD6,AAD6,YFL056C,True,True,False,up,3,4.558840600000001,-0.42950092999999967,4.558840600000001,30.0,True,True,False,up,5,5.3636001349999995,3.796048325,5.3636001349999995,180.0,both_up
